sid,stid,category
6889,23,ANG
6891,23,COM
6893,23,COM
6895,23,HOP
6896,23,NEU
6897,23,ANG
6898,23,NEU
6899,23,COM
6900,23,HOP
6902,23,NEU
6903,23,ANG
6904,23,COM
6905,23,HOP
6906,23,ANG
6907,23,COM
6908,23,COM
6910,23,NEU
6911,23,ANG
6912,23,HOP
6913,23,NEU
6914,23,ANG
6915,23,ANG
6916,23,COM
6917,23,HOP
6918,23,NEU
6919,23,COM
6922,23,NEU
6924,23,ANG
6925,23,COM
6927,23,HOP
6928,23,HOP
6929,23,NEU
6930,23,ANG
6931,23,COM
6932,23,COM
6933,23,NEU
6934,23,ANG
6935,23,HOP
6937,23,NEU
6938,23,ANG
6939,23,COM
6940,23,HOP
6950,23,NEU
6951,23,ANG
6953,23,HOP
6954,23,HOP
6955,23,NEU
6956,23,ANG
6957,23,ANG
6958,23,NEU
6959,23,COM
6960,23,COM
6961,23,HOP
6963,23,NEU
6964,23,ANG
6965,23,ANG
6966,23,COM
6967,23,COM
6968,23,NEU
6969,23,HOP
6970,23,NEU
6972,23,ANG
6973,23,HOP
6974,23,COM
6975,23,NEU
6977,23,ANG
6978,23,COM
6979,23,HOP
6980,23,NEU
6981,23,NEU
6982,23,ANG
6983,23,COM
6984,23,HOP
6985,23,ANG
6986,23,HOP
6987,23,COM
6988,23,NEU
6989,23,ANG
6990,23,COM
6991,23,HOP
6992,23,NEU
6993,23,ANG
6994,23,COM
6995,23,HOP
6996,23,NEU
6998,23,COM
6999,23,HOP
7000,23,NEU
7001,23,ANG
7002,23,COM
7003,23,HOP
7004,23,NEU
7005,23,ANG
7006,23,COM
7007,23,NEU
7008,23,HOP
7009,23,ANG
7010,23,COM
7011,23,HOP
7012,23,NEU
7015,23,HOP
7016,23,NEU
7017,23,ANG
7018,23,COM
7019,23,COM
7020,23,HOP
7021,23,NEU
7022,23,ANG
7023,23,HOP
7024,23,NEU
7025,23,ANG
7026,23,COM
7027,23,HOP
7028,23,NEU
7029,23,ANG
7030,23,COM
7031,23,HOP
7034,23,NEU
7035,23,ANG
7036,23,COM
7039,23,NEU
7040,23,ANG
7041,23,COM
7042,23,HOP
7043,23,NEU
7044,23,ANG
7045,23,COM
7046,23,HOP
7047,23,NEU
7048,23,ANG
7050,23,HOP
7051,23,NEU
7052,23,ANG
7053,23,COM
7054,23,HOP
7055,23,NEU
7056,23,ANG
7057,23,COM
7058,23,HOP
7059,23,ANG
7060,23,NEU
7061,23,NEU
7062,23,ANG
7063,23,COM
7064,23,HOP
7065,23,COM
7066,23,NEU
7067,23,HOP
7068,23,NEU
7069,23,NEU
7070,23,ANG
7072,23,COM
7073,23,HOP
7074,23,ANG
7075,23,COM
7076,23,NEU
7077,23,COM
7078,23,HOP
7079,23,ANG
7081,23,HOP
7082,23,NEU
7083,23,ANG
7084,23,COM
7085,23,HOP
7087,23,NEU
7088,23,ANG
7089,23,COM
7090,23,HOP
7091,23,NEU
7093,23,COM
7094,23,HOP
7095,23,NEU
7096,23,ANG
7097,23,COM
7098,23,HOP
7100,23,COM
7101,23,ANG
7102,23,HOP
7103,23,COM
7105,23,NEU
7106,23,ANG
7107,23,COM
7108,23,HOP
7109,23,NEU
7110,23,ANG
7111,23,HOP
7112,23,NEU
7113,23,ANG
7115,23,COM
7116,23,HOP
7117,23,NEU
7118,23,ANG
7119,23,COM
7120,23,HOP
7121,23,NEU
7122,23,ANG
7123,23,COM
7124,23,HOP
7125,23,NEU
7126,23,NEU
7128,23,ANG
7129,23,COM
7130,23,HOP
7131,23,ANG
7132,23,COM
7133,23,HOP
7134,23,NEU
7135,23,ANG
7136,23,COM
7138,23,NEU
7139,23,ANG
7140,23,COM
7141,23,COM
7142,23,COM
7143,23,HOP
7144,23,HOP
7145,23,NEU
7146,23,ANG
7147,23,NEU
7148,23,ANG
7149,23,ANG
7151,23,COM
7152,23,COM
7153,23,HOP
7154,23,NEU
7155,23,HOP
7156,23,NEU
7158,23,ANG
7159,23,COM
7165,23,NEU
7166,23,ANG
7168,23,NEU
7169,23,HOP
7170,23,NEU
7172,23,COM
7173,23,HOP
7174,23,COM
7176,23,HOP
7177,23,NEU
7178,23,ANG
7179,23,COM
7181,23,HOP
7183,23,ANG
7185,23,COM
7186,23,HOP
7187,23,NEU
7189,23,ANG
7190,23,COM
7192,23,NEU
7195,23,COM
7197,23,NEU
7198,23,ANG
7200,23,COM
7201,23,HOP
7203,23,ANG
7204,23,COM
7205,23,HOP
7206,23,ANG
7207,23,NEU
7209,23,ANG
7212,23,COM
7213,23,HOP
7214,23,NEU
7217,23,COM
7218,23,HOP
7219,23,NEU
7220,23,COM
7221,23,HOP
7224,23,ANG
7225,23,COM
7228,23,NEU
7229,23,ANG
7231,23,COM
7233,23,HOP
7234,23,ANG
7236,23,COM
7238,23,HOP
7239,23,NEU
7240,23,ANG
7244,23,NEU
7245,23,ANG
7247,23,COM
7248,23,HOP
7250,23,NEU
7251,23,ANG
7253,23,COM
7254,23,HOP
7255,23,NEU
7259,23,COM
7260,23,HOP
7261,23,NEU
7264,23,ANG
7265,23,COM
7266,23,HOP
7269,23,NEU
7271,23,COM
7272,23,ANG
7274,23,ANG
7275,23,COM
7278,23,HOP
7279,23,COM
7280,23,HOP
7281,23,NEU
7282,23,NEU
7283,23,ANG
7285,23,NEU
7286,23,HOP
7287,23,HOP
7288,23,HOP
7289,23,HOP
7290,23,NEU
7291,23,NEU
7292,23,COM
7293,23,ANG
7295,23,ANG
7296,23,ANG
7298,23,NEU
7299,23,COM
7300,23,COM
7302,23,NEU
7303,23,NEU
7304,23,HOP
7305,23,HOP
7306,23,COM
7308,23,ANG
7310,23,NEU
7311,23,ANG
7312,23,ANG
7314,23,HOP
7315,23,HOP
7316,23,NEU
7317,23,ANG
7319,23,COM
7320,23,NEU
7321,23,ANG
7322,23,COM
7323,23,HOP
7324,23,NEU
7326,23,COM
7327,23,HOP
7328,23,ANG
7331,23,COM
7332,23,COM
7333,23,NEU
7334,23,HOP
7336,23,NEU
7337,23,NEU
7339,23,ANG
7341,23,HOP
7342,23,COM
7344,23,HOP
7345,23,ANG
7346,23,ANG
7347,23,COM
7348,23,NEU
7349,23,ANG
7350,23,ANG
7351,23,COM
7352,23,HOP
7354,23,NEU
7355,23,HOP
7357,23,NEU
7361,23,NEU
7362,23,COM
7363,23,COM
7365,23,HOP
7366,23,ANG
7367,23,HOP
7368,23,HOP
7370,23,NEU
7371,23,NEU
7372,23,ANG
7373,23,ANG
7374,23,COM
7375,23,COM
7376,23,HOP
7378,23,NEU
7379,23,ANG
7380,23,COM
7381,23,ANG
7382,23,HOP
7383,23,NEU
7384,23,HOP
7385,23,NEU
7386,23,COM
7387,23,COM
7388,23,ANG
7390,23,HOP
7391,23,NEU
7392,23,HOP
7393,23,ANG
7394,23,ANG
7395,23,ANG
7396,23,NEU
7397,23,COM
7398,23,NEU
7399,23,HOP
7400,23,COM
7401,23,COM
7402,23,COM
7403,23,HOP
7404,23,HOP
7405,23,NEU
7406,23,ANG
7407,23,NEU
7409,23,ANG
7410,23,ANG
7413,23,HOP
7414,23,NEU
7415,23,NEU
7416,23,NEU
7417,23,HOP
7418,23,NEU
7420,23,COM
7421,23,HOP
7424,23,COM
7425,23,ANG
7426,23,ANG
7427,23,COM
7429,23,COM
7430,23,HOP
7433,23,NEU
7434,23,ANG
7435,23,ANG
7436,23,ANG
7437,23,COM
7438,23,COM
7439,23,COM
7440,23,HOP
7441,23,COM
7442,23,NEU
7443,23,HOP
7444,23,HOP
7445,23,HOP
7446,23,ANG
7447,23,NEU
7448,23,NEU
7449,23,ANG
7450,23,NEU
7451,23,COM
7452,23,NEU
7454,23,COM
7455,23,COM
7458,23,HOP
7459,23,ANG
7460,23,HOP
7461,23,NEU
7462,23,NEU
7464,23,HOP
7467,23,ANG
7468,23,COM
7469,23,COM
7470,23,NEU
7471,23,COM
7472,23,COM
7473,23,HOP
7474,23,HOP
7475,23,NEU
7479,23,NEU
7480,23,ANG
7481,23,ANG
7482,23,ANG
7486,23,HOP
7488,23,NEU
7490,23,HOP
7492,23,HOP
7493,23,ANG
7494,23,ANG
7496,23,COM
7497,23,HOP
7498,23,COM
7499,23,COM
7501,23,ANG
7502,23,ANG
7503,23,NEU
7504,23,HOP
7506,23,NEU
7507,23,COM
7509,23,COM
7512,23,NEU
7513,23,ANG
7514,23,HOP
7515,23,NEU
7516,23,NEU
7519,23,COM
7520,23,HOP
7521,23,ANG
7522,23,COM
7523,23,COM
7526,23,HOP
7531,23,NEU
7532,23,ANG
7533,23,HOP
7535,23,NEU
7539,23,COM
7540,23,NEU
7541,23,ANG
7542,23,ANG
7545,23,COM
7546,23,HOP
7547,23,NEU
7548,23,NEU
7549,23,HOP
7550,23,ANG
7552,23,COM
7553,23,HOP
7554,23,NEU
7556,23,ANG
7559,23,COM
7560,23,HOP
7563,23,NEU
7567,23,ANG
7571,23,NEU
7573,23,COM
7575,23,HOP
7576,23,NEU
7579,23,ANG
7580,23,COM
7582,23,COM
7583,23,HOP
7584,23,HOP
7586,23,ANG
7587,23,NEU
7588,23,ANG
7594,23,HOP
7595,23,NEU
7596,23,ANG
7597,23,COM
7598,23,HOP
7600,23,NEU
7602,23,ANG
7604,23,COM
7605,23,HOP
7606,23,ANG
7607,23,HOP
7608,23,COM
7609,23,NEU
7610,23,ANG
7611,23,COM
7612,23,HOP
7613,23,NEU
7614,23,ANG
7616,23,COM
7617,23,HOP
7623,23,ANG
7624,23,COM
7625,23,NEU
7627,23,HOP
7631,23,ANG
7638,23,HOP
7639,23,HOP
7640,23,NEU
7643,23,ANG
7647,23,COM
7651,23,NEU
7654,23,ANG
7655,23,COM
7659,23,HOP
7660,23,NEU
7666,23,ANG
7670,23,COM
7671,23,HOP
7674,23,NEU
7678,23,ANG
7679,23,COM
7680,23,HOP
7682,23,NEU
7687,23,ANG
7688,23,COM
7695,23,HOP
7700,23,NEU
7701,23,ANG
7702,23,COM
7703,23,COM
7715,23,HOP
7717,23,NEU
7718,23,NEU
7726,23,HOP
7727,23,ANG
7733,23,HOP
7740,23,NEU
7741,23,ANG
7744,23,COM
7755,23,HOP
7764,23,NEU
7765,23,ANG
7768,23,COM
7772,23,HOP
7782,23,ANG
7787,23,HOP
7788,23,COM
7791,23,NEU
7795,23,ANG
7798,23,COM
7810,23,NEU
7813,23,ANG
7816,23,COM
7819,23,HOP
7824,23,NEU
7842,23,ANG
7849,23,COM
7850,23,HOP
7851,23,NEU
7860,23,ANG
7861,23,COM
7877,23,HOP
7880,23,NEU
7891,23,ANG
7893,23,COM
7897,23,HOP
7903,23,NEU
7908,23,ANG
7910,23,COM
7914,23,HOP
7918,23,NEU
7919,23,ANG
7922,23,COM
7924,23,ANG
7926,23,HOP
7931,23,NEU
7933,23,ANG
7936,23,COM
7939,23,HOP
7944,23,NEU
7946,23,ANG
7950,23,COM
7952,23,HOP
7953,23,NEU
7954,23,ANG
7958,23,COM
7960,23,HOP
7964,23,NEU
7966,23,ANG
7967,23,COM
7969,23,HOP
7974,23,NEU
7987,23,COM
7997,23,HOP
8000,23,NEU
8001,23,ANG
8002,23,HOP
8007,23,NEU
8009,23,ANG
8011,23,COM
8012,23,HOP
8014,23,NEU
8016,23,ANG
8027,23,HOP
8028,23,NEU
8029,23,NEU
8030,23,NEU
8033,23,COM
8034,23,ANG
8035,23,COM
8038,23,ANG
8039,23,HOP
8040,23,ANG
8044,23,COM
8047,23,HOP
8048,23,HOP
8051,23,ANG
8053,23,NEU
8056,23,ANG
8057,23,ANG
8059,23,COM
8062,23,COM
8064,23,HOP
8068,23,NEU
8070,23,NEU
8072,23,ANG
8074,23,ANG
8075,23,NEU
8077,23,COM
8079,23,COM
8083,23,NEU
8084,23,HOP
8086,23,HOP
8089,23,HOP
8094,23,NEU
8097,23,NEU
8106,23,ANG
8114,23,ANG
8118,23,ANG
8147,23,COM
8162,23,HOP
8164,23,COM
8181,23,HOP
8182,23,HOP
8197,23,NEU
8199,23,NEU
8227,23,ANG
8228,23,NEU
8230,23,COM
8233,23,HOP
8234,23,COM
8235,23,ANG
8239,23,COM
8240,23,COM
8242,23,HOP
8249,23,NEU
8250,23,COM
8265,23,ANG
8286,23,HOP
8290,23,HOP
8314,23,ANG
8316,23,NEU
8340,23,COM
8343,23,ANG
8355,23,HOP
8371,23,NEU
8386,23,ANG
8387,23,ANG
8390,23,HOP
8391,23,COM
8402,23,NEU
8415,23,COM
8428,23,HOP
8433,23,NEU
8461,23,COM
8463,23,NEU
8466,23,HOP
8467,23,HOP
8487,23,NEU
8497,23,COM
8502,23,NEU
8509,23,NEU
8511,23,ANG
8515,23,ANG
8526,23,HOP
8537,23,COM
8544,23,HOP
8548,23,COM
8553,23,NEU
8555,23,ANG
8581,23,COM
8585,23,HOP
8591,23,NEU
8598,23,ANG
8601,23,COM
8615,23,HOP
8631,23,NEU
8642,23,ANG
8649,23,COM
8650,23,HOP
8655,23,NEU
8676,23,ANG
8686,23,COM
8691,23,HOP
8704,23,COM
8706,23,HOP
8722,23,NEU
8741,23,COM
8759,23,HOP
8762,23,NEU
8764,23,ANG
8765,23,COM
8773,23,HOP
8783,23,ANG
8792,23,COM
8798,23,HOP
8805,23,NEU
8808,23,ANG
8819,23,COM
8853,23,HOP
8861,23,NEU
8884,23,COM
8891,23,HOP
8906,23,NEU
8908,23,ANG
8912,23,COM
8916,23,HOP
8928,23,NEU
8939,23,ANG
8952,23,HOP
8961,23,NEU
8969,23,ANG
8977,23,COM
8980,23,HOP
8987,23,NEU
9004,23,ANG
9013,23,COM
9016,23,HOP
9025,23,NEU
9044,23,ANG
9049,23,COM
9067,23,HOP
9072,23,HOP
9078,23,NEU
9082,23,ANG
9088,23,ANG
9095,23,COM
9098,23,HOP
9111,23,NEU
9126,23,COM
9128,23,COM
9131,23,HOP
9139,23,NEU
9154,23,ANG
9165,23,COM
9185,23,NEU
9195,23,ANG
9201,23,COM
9204,23,HOP
9205,23,NEU
9221,23,ANG
9238,23,COM
9242,23,HOP
9243,23,NEU
9247,23,ANG
9251,23,COM
9278,23,ANG
9279,23,COM
9282,23,HOP
9284,23,NEU
9292,23,ANG
9295,23,COM
9306,23,HOP
9319,23,ANG
9325,23,HOP
9327,23,NEU
9335,23,ANG
9336,23,COM
9356,23,NEU
9359,23,ANG
9362,23,COM
9363,23,HOP
9364,23,NEU
9365,23,ANG
9369,23,COM
9375,23,HOP
9385,23,ANG
9398,23,COM
9406,23,HOP
9407,23,NEU
9412,23,ANG
9419,23,COM
9429,23,NEU
9431,23,ANG
9432,23,COM
9439,23,HOP
9441,23,ANG
9448,23,COM
9449,23,HOP
9451,23,NEU
9455,23,ANG
9464,23,COM
9478,23,HOP
9489,23,NEU
9490,23,ANG
9515,23,COM
9518,23,HOP
9526,23,ANG
9536,23,COM
9539,23,HOP
9545,23,NEU
9549,23,ANG
9569,23,COM
9585,23,HOP
9602,23,NEU
9603,23,ANG
9619,23,COM
9638,23,HOP
9640,23,NEU
9671,23,HOP
9675,23,COM
9680,23,NEU
9687,23,ANG
9689,23,COM
9690,23,HOP
9713,23,ANG
9720,23,COM
9724,23,HOP
9733,23,NEU
9742,23,ANG
9747,23,HOP
9751,23,NEU
9753,23,ANG
9754,23,COM
9762,23,NEU
9765,23,ANG
9782,23,COM
9792,23,NEU
9796,23,ANG
9800,23,COM
9802,23,HOP
9804,23,ANG
9819,23,NEU
9820,23,ANG
9821,23,COM
9822,23,HOP
9824,23,NEU
9825,23,HOP
9826,23,ANG
9827,23,COM
9828,23,NEU
9830,23,COM
9832,23,ANG
9833,23,COM
9834,23,HOP
9835,23,NEU
9836,23,ANG
9837,23,ANG
9838,23,COM
9840,23,NEU
9841,23,COM
9842,23,HOP
9843,23,ANG
9844,23,NEU
9845,23,COM
9846,23,HOP
9847,23,NEU
9848,23,ANG
9849,23,COM
9850,23,HOP
9851,23,NEU
9852,23,ANG
9853,23,COM
9854,23,HOP
9855,23,NEU
9856,23,COM
9857,23,ANG
9859,23,NEU
9860,23,ANG
9862,23,HOP
9863,23,NEU
9864,23,ANG
9865,23,COM
9868,23,NEU
9870,23,ANG
9872,23,COM
9875,23,NEU
9876,23,ANG
9877,23,COM
9878,23,HOP
9879,23,NEU
9880,23,ANG
9881,23,COM
9882,23,COM
9883,23,HOP
9884,23,NEU
9885,23,ANG
9892,23,ANG
9893,23,COM
9894,23,HOP
9895,23,NEU
9897,23,ANG
9898,23,COM
9899,23,HOP
9900,23,NEU
9901,23,ANG
9902,23,COM
9903,23,HOP
9904,23,HOP
9905,23,NEU
9906,23,ANG
9907,23,COM
9908,23,NEU
9909,23,ANG
9910,23,COM
9912,23,HOP
9914,23,NEU
9915,23,ANG
9916,23,COM
9917,23,HOP
9919,23,ANG
9920,23,COM
9922,23,HOP
9923,23,NEU
9924,23,ANG
9926,23,COM
9928,23,HOP
9932,23,NEU
9934,23,ANG
9935,23,COM
9936,23,HOP
9937,23,NEU
9938,23,ANG
9939,23,COM
9941,23,HOP
9943,23,ANG
9944,23,NEU
9947,23,HOP
9949,23,COM
9950,23,NEU
9952,23,ANG
9954,23,HOP
9955,23,NEU
9956,23,ANG
9957,23,COM
9959,23,HOP
9960,23,NEU
9961,23,ANG
9962,23,COM
9964,23,HOP
9965,23,NEU
9966,23,NEU
9967,23,ANG
9968,23,COM
9969,23,HOP
9970,23,ANG
9971,23,HOP
9972,23,COM
9976,23,NEU
9978,23,COM
9984,23,ANG
9988,23,COM
9989,23,HOP
9994,23,NEU
9995,23,ANG
10000,23,COM
10003,23,HOP
10005,23,NEU
10010,23,COM
10021,23,HOP
10023,23,NEU
10024,23,ANG
10026,23,NEU
10028,23,COM
10031,23,NEU
10033,23,ANG
10034,23,HOP
10035,23,COM
10036,23,NEU
10038,23,ANG
10040,23,COM
10041,23,HOP
10042,23,HOP
10044,23,NEU
10047,23,ANG
18220,26,ANG
18221,26,COM
18222,26,COM
18224,26,NEU
18225,26,HOP
18226,26,NEU
18227,26,ANG
18228,26,ANG
18229,26,HOP
18230,26,NEU
18232,26,NEU
18233,26,HOP
18234,26,HOP
18235,26,HOP
18236,26,ANG
18237,26,ANG
18238,26,ANG
18239,26,COM
18241,26,NEU
18242,26,NEU
18243,26,NEU
18244,26,NEU
18246,26,NEU
18248,26,NEU
18250,26,ANG
18251,26,ANG
18254,26,COM
18256,26,HOP
18257,26,COM
18258,26,ANG
18259,26,ANG
18260,26,ANG
18261,26,ANG
18262,26,HOP
18263,26,ANG
18264,26,HOP
18265,26,NEU
18267,26,COM
18269,26,COM
18270,26,HOP
18271,26,COM
18273,26,COM
18274,26,HOP
18275,26,HOP
18276,26,ANG
18277,26,HOP
18279,26,NEU
18280,26,ANG
18281,26,COM
18282,26,ANG
18283,26,ANG
18284,26,COM
18285,26,ANG
18286,26,ANG
18287,26,COM
18288,26,ANG
18289,26,HOP
18290,26,NEU
18291,26,HOP
18292,26,HOP
18294,26,COM
18297,26,HOP
18298,26,HOP
18299,26,NEU
18301,26,COM
18303,26,NEU
18304,26,ANG
18305,26,HOP
18307,26,ANG
18308,26,ANG
18310,26,COM
18311,26,HOP
18312,26,NEU
18313,26,NEU
18314,26,COM
18315,26,COM
18316,26,HOP
18317,26,HOP
18319,26,NEU
18320,26,ANG
18321,26,COM
18322,26,HOP
18323,26,NEU
18325,26,COM
18326,26,HOP
18328,26,COM
18329,26,HOP
18332,26,COM
18335,26,NEU
18336,26,ANG
18338,26,HOP
18339,26,ANG
18340,26,COM
18341,26,HOP
18343,26,ANG
18344,26,COM
18345,26,HOP
18346,26,NEU
18347,26,ANG
18348,26,ANG
18352,26,HOP
18353,26,NEU
18356,26,HOP
18357,26,NEU
18360,26,HOP
18362,26,NEU
18363,26,ANG
18364,26,COM
18365,26,HOP
18367,26,NEU
18369,26,ANG
18370,26,COM
18371,26,HOP
18373,26,NEU
18374,26,ANG
18375,26,COM
18379,26,COM
18380,26,HOP
18381,26,NEU
18382,26,ANG
18384,26,COM
18388,26,NEU
18390,26,COM
18391,26,HOP
18394,26,ANG
18397,26,HOP
18398,26,NEU
18400,26,ANG
18404,26,HOP
18406,26,ANG
18407,26,COM
18408,26,HOP
18409,26,NEU
18410,26,ANG
18412,26,HOP
18414,26,NEU
18415,26,COM
18416,26,ANG
18420,26,ANG
18421,26,COM
18424,26,ANG
18427,26,COM
18430,26,COM
18432,26,NEU
18434,26,NEU
18438,26,NEU
18439,26,HOP
18441,26,ANG
18442,26,ANG
18445,26,ANG
18446,26,COM
18448,26,COM
18451,26,HOP
18452,26,NEU
18453,26,NEU
18455,26,ANG
18457,26,ANG
18458,26,COM
18460,26,HOP
18461,26,HOP
18462,26,HOP
18465,26,NEU
18466,26,ANG
18467,26,COM
18469,26,COM
18470,26,HOP
18471,26,HOP
18472,26,ANG
18473,26,COM
18475,26,NEU
18476,26,ANG
18480,26,HOP
18481,26,HOP
18484,26,NEU
18485,26,NEU
18486,26,NEU
18487,26,ANG
18488,26,ANG
18489,26,COM
18490,26,HOP
18491,26,COM
18493,26,HOP
18494,26,ANG
18496,26,HOP
18498,26,NEU
18500,26,ANG
18501,26,HOP
18502,26,COM
18503,26,COM
18504,26,NEU
18505,26,NEU
18506,26,HOP
18507,26,COM
18508,26,ANG
18511,26,HOP
18512,26,NEU
18513,26,ANG
18515,26,ANG
18516,26,HOP
18519,26,NEU
18520,26,NEU
18522,26,COM
18524,26,COM
18525,26,HOP
18528,26,ANG
18529,26,HOP
18532,26,ANG
18533,26,NEU
18535,26,HOP
18538,26,HOP
18539,26,NEU
18540,26,ANG
18542,26,COM
18544,26,NEU
18545,26,HOP
18546,26,NEU
18549,26,ANG
18550,26,ANG
18551,26,COM
18552,26,HOP
18553,26,COM
18554,26,HOP
18555,26,COM
18556,26,NEU
18557,26,ANG
18559,26,HOP
18561,26,NEU
18562,26,ANG
18563,26,COM
18564,26,NEU
18565,26,ANG
18567,26,COM
18568,26,ANG
18569,26,ANG
18570,26,ANG
18571,26,HOP
18573,26,NEU
18574,26,ANG
18575,26,NEU
18577,26,COM
18578,26,HOP
18579,26,NEU
18580,26,COM
18581,26,HOP
18583,26,COM
18586,26,HOP
18587,26,NEU
18588,26,ANG
18591,26,HOP
18593,26,NEU
18594,26,NEU
18595,26,ANG
18596,26,ANG
18597,26,COM
18600,26,HOP
18601,26,ANG
18602,26,COM
18603,26,HOP
18604,26,NEU
18606,26,ANG
18607,26,COM
18608,26,HOP
18609,26,ANG
18610,26,ANG
18611,26,COM
18612,26,HOP
18613,26,NEU
18614,26,HOP
18615,26,COM
18616,26,COM
18618,26,HOP
18619,26,NEU
18620,26,ANG
18621,26,NEU
18622,26,ANG
18623,26,ANG
18624,26,HOP
18626,26,COM
18627,26,HOP
18628,26,ANG
18629,26,NEU
18630,26,COM
18631,26,COM
18632,26,HOP
18634,26,NEU
18635,26,NEU
18637,26,ANG
18638,26,COM
18639,26,HOP
18640,26,COM
18641,26,HOP
18643,26,ANG
18645,26,NEU
18646,26,COM
18647,26,ANG
18648,26,COM
18649,26,HOP
18650,26,HOP
18651,26,ANG
18652,26,ANG
18653,26,ANG
18654,26,NEU
18655,26,COM
18656,26,HOP
18657,26,HOP
18658,26,NEU
18659,26,COM
18661,26,NEU
18662,26,ANG
18663,26,HOP
18664,26,NEU
18665,26,ANG
18668,26,NEU
18670,26,ANG
18671,26,ANG
18672,26,COM
18673,26,HOP
18675,26,HOP
18676,26,NEU
18678,26,ANG
18679,26,COM
18680,26,ANG
18681,26,HOP
18682,26,COM
18683,26,COM
18684,26,COM
18685,26,HOP
18686,26,HOP
18687,26,NEU
18689,26,NEU
18690,26,ANG
18691,26,COM
18693,26,NEU
18694,26,NEU
18695,26,ANG
18696,26,HOP
18697,26,HOP
18698,26,ANG
18699,26,ANG
18700,26,COM
18701,26,NEU
18702,26,NEU
18703,26,NEU
18704,26,COM
18705,26,COM
18706,26,ANG
18707,26,HOP
18709,26,HOP
18710,26,ANG
18712,26,NEU
18713,26,ANG
18715,26,COM
18716,26,HOP
18719,26,COM
18720,26,COM
18722,26,HOP
18723,26,HOP
18724,26,NEU
18725,26,ANG
18726,26,HOP
18727,26,NEU
18728,26,ANG
18729,26,COM
18730,26,NEU
18732,26,COM
18735,26,HOP
18737,26,ANG
18738,26,COM
18740,26,ANG
18741,26,COM
18742,26,NEU
18743,26,HOP
18744,26,ANG
18745,26,ANG
18747,26,HOP
18748,26,NEU
18750,26,COM
18751,26,HOP
18752,26,NEU
18753,26,ANG
18754,26,COM
18755,26,HOP
18756,26,NEU
18757,26,NEU
18758,26,ANG
18759,26,ANG
18760,26,HOP
18761,26,COM
18762,26,COM
18763,26,COM
18764,26,HOP
18765,26,HOP
18767,26,ANG
18772,26,HOP
18773,26,HOP
18774,26,ANG
18775,26,COM
18778,26,COM
18779,26,NEU
18780,26,NEU
18781,26,NEU
18782,26,ANG
18783,26,ANG
18784,26,HOP
18785,26,HOP
18786,26,COM
18788,26,COM
18789,26,ANG
18790,26,COM
18791,26,COM
18792,26,HOP
18793,26,HOP
18796,26,HOP
18797,26,NEU
18798,26,ANG
18799,26,HOP
18800,26,NEU
18801,26,NEU
18802,26,COM
18803,26,NEU
18805,26,HOP
18806,26,ANG
18807,26,COM
18808,26,COM
18810,26,COM
18811,26,COM
18812,26,COM
18813,26,HOP
18814,26,HOP
18816,26,ANG
18817,26,HOP
18818,26,ANG
18819,26,NEU
18821,26,NEU
18822,26,ANG
18823,26,HOP
18824,26,NEU
18827,26,ANG
18828,26,COM
18829,26,COM
18830,26,HOP
18831,26,ANG
18832,26,HOP
18833,26,HOP
18834,26,HOP
18836,26,NEU
18837,26,ANG
18838,26,COM
18840,26,COM
18841,26,NEU
18843,26,ANG
18844,26,COM
18845,26,NEU
18846,26,ANG
18847,26,COM
18848,26,COM
18849,26,NEU
18850,26,ANG
18851,26,HOP
18852,26,HOP
18853,26,NEU
18854,26,ANG
18855,26,COM
18856,26,NEU
18857,26,HOP
18858,26,NEU
18859,26,ANG
18860,26,COM
18861,26,COM
18862,26,ANG
18863,26,HOP
18866,26,ANG
18868,26,HOP
18869,26,NEU
18870,26,ANG
18871,26,COM
18872,26,ANG
18873,26,COM
18876,26,NEU
18878,26,NEU
18879,26,NEU
18881,26,COM
18882,26,HOP
18883,26,NEU
18884,26,NEU
18885,26,ANG
18886,26,COM
18887,26,HOP
18890,26,ANG
18891,26,COM
18892,26,HOP
18894,26,NEU
18895,26,ANG
18897,26,HOP
18898,26,NEU
18899,26,ANG
18900,26,ANG
18902,26,HOP
18903,26,HOP
18904,26,NEU
18905,26,NEU
18906,26,NEU
18907,26,ANG
18908,26,COM
18909,26,COM
18910,26,HOP
18911,26,COM
18912,26,ANG
18914,26,COM
18915,26,ANG
18916,26,NEU
18917,26,ANG
18918,26,COM
18919,26,COM
18920,26,HOP
18921,26,NEU
18922,26,NEU
18923,26,COM
18924,26,HOP
18925,26,ANG
18926,26,HOP
18929,26,COM
18930,26,ANG
18931,26,COM
18932,26,NEU
18933,26,HOP
18935,26,ANG
18936,26,COM
18937,26,COM
18938,26,HOP
18939,26,NEU
18941,26,HOP
18942,26,NEU
18944,26,ANG
18945,26,ANG
18946,26,ANG
18948,26,NEU
18949,26,COM
18951,26,HOP
18953,26,NEU
18956,26,COM
18957,26,HOP
18958,26,HOP
18961,26,HOP
18962,26,HOP
18963,26,NEU
18964,26,NEU
18965,26,ANG
18966,26,COM
18968,26,COM
18970,26,NEU
18971,26,HOP
18973,26,ANG
18975,26,HOP
18976,26,ANG
18980,26,HOP
18981,26,COM
18982,26,COM
18983,26,NEU
18984,26,HOP
18985,26,HOP
18986,26,NEU
18987,26,ANG
18989,26,HOP
18990,26,NEU
18991,26,ANG
18992,26,COM
18993,26,HOP
18994,26,NEU
18995,26,ANG
18996,26,COM
18997,26,HOP
18998,26,NEU
18999,26,ANG
19000,26,HOP
19001,26,COM
19003,26,ANG
19004,26,ANG
19005,26,COM
19007,26,NEU
19010,26,HOP
19011,26,NEU
19012,26,ANG
19013,26,COM
19014,26,HOP
19015,26,NEU
19016,26,ANG
19017,26,COM
19018,26,HOP
19019,26,ANG
19022,26,COM
19025,26,NEU
19027,26,COM
19028,26,COM
19029,26,NEU
19031,26,ANG
19033,26,HOP
19034,26,NEU
19036,26,COM
19038,26,HOP
19040,26,NEU
19041,26,ANG
19042,26,COM
19043,26,NEU
19045,26,ANG
19046,26,COM
19048,26,COM
19049,26,ANG
19050,26,HOP
19051,26,NEU
19052,26,NEU
19053,26,NEU
19054,26,ANG
19055,26,ANG
19057,26,COM
19058,26,COM
19059,26,HOP
19060,26,HOP
19065,26,HOP
19066,26,NEU
19067,26,ANG
19068,26,COM
19069,26,HOP
19070,26,NEU
19072,26,ANG
19074,26,COM
19075,26,HOP
19076,26,HOP
19077,26,NEU
19078,26,ANG
19079,26,COM
19080,26,NEU
19081,26,ANG
19082,26,COM
19084,26,NEU
19088,26,NEU
19090,26,ANG
19093,26,COM
19096,26,NEU
19097,26,ANG
19098,26,COM
19099,26,COM
19100,26,HOP
19103,26,ANG
19104,26,HOP
19105,26,NEU
19106,26,ANG
19107,26,COM
19111,26,COM
19113,26,NEU
19114,26,ANG
19115,26,COM
19120,26,ANG
19121,26,COM
19123,26,NEU
19124,26,ANG
19125,26,COM
19126,26,HOP
19127,26,NEU
19128,26,ANG
19129,26,COM
19130,26,HOP
19131,26,NEU
19132,26,ANG
19137,26,NEU
19138,26,ANG
19141,26,HOP
19145,26,COM
19148,26,NEU
19149,26,ANG
19150,26,COM
19157,26,NEU
19159,26,COM
19163,26,ANG
19165,26,HOP
19168,26,ANG
19169,26,COM
19170,26,HOP
19171,26,NEU
19173,26,ANG
19174,26,COM
19175,26,HOP
19176,26,NEU
19178,26,COM
19183,26,HOP
19184,26,NEU
19187,26,COM
19188,26,HOP
19189,26,NEU
19190,26,ANG
19191,26,COM
19192,26,HOP
19193,26,NEU
19194,26,ANG
19195,26,HOP
19200,26,COM
19201,26,HOP
19202,26,NEU
19208,26,COM
19213,26,HOP
19220,26,HOP
19222,26,HOP
19224,26,NEU
19225,26,NEU
19227,26,ANG
19228,26,ANG
19229,26,COM
19230,26,HOP
19232,26,NEU
19236,26,COM
19237,26,HOP
19238,26,COM
19239,26,NEU
19240,26,NEU
19241,26,ANG
19243,26,COM
19246,26,HOP
19247,26,HOP
19249,26,HOP
19250,26,ANG
19251,26,ANG
19252,26,NEU
19253,26,COM
19254,26,COM
19255,26,NEU
19256,26,ANG
19257,26,NEU
19258,26,HOP
19259,26,NEU
19260,26,COM
19261,26,COM
19263,26,HOP
19264,26,HOP
19267,26,ANG
19268,26,ANG
19269,26,COM
19270,26,ANG
19271,26,COM
19276,26,HOP
19278,26,NEU
19280,26,COM
19282,26,HOP
19283,26,HOP
19284,26,HOP
19288,26,NEU
19290,26,COM
19291,26,ANG
19293,26,COM
19294,26,NEU
19295,26,NEU
19296,26,NEU
19298,26,ANG
19299,26,COM
19304,26,COM
19309,26,HOP
19310,26,ANG
19311,26,NEU
19312,26,ANG
19314,26,COM
19317,26,HOP
19318,26,NEU
19319,26,ANG
19320,26,COM
19322,26,COM
19323,26,HOP
19324,26,NEU
19325,26,ANG
19326,26,COM
19327,26,HOP
19330,26,COM
19331,26,HOP
19332,26,HOP
19333,26,NEU
19334,26,ANG
19337,26,HOP
19338,26,NEU
19339,26,ANG
19340,26,COM
19341,26,HOP
19342,26,NEU
19346,26,COM
19347,26,ANG
19349,26,HOP
19350,26,COM
19352,26,HOP
19353,26,NEU
19354,26,ANG
19355,26,HOP
19356,26,NEU
19358,26,ANG
19360,26,COM
19361,26,COM
19362,26,NEU
19363,26,ANG
19365,26,NEU
19366,26,COM
19367,26,ANG
19368,26,COM
19370,26,NEU
19371,26,ANG
19372,26,HOP
19374,26,NEU
19377,26,COM
19378,26,HOP
19379,26,NEU
19381,26,HOP
19383,26,NEU
19384,26,ANG
19385,26,COM
19387,26,NEU
19388,26,ANG
19392,26,HOP
19393,26,ANG
19394,26,NEU
19395,26,ANG
19396,26,ANG
19397,26,ANG
19399,26,ANG
19400,26,COM
19401,26,COM
19402,26,HOP
19404,26,NEU
19405,26,HOP
19406,26,HOP
19407,26,NEU
19410,26,COM
19413,26,COM
19414,26,NEU
19417,26,COM
19418,26,HOP
19419,26,HOP
19420,26,NEU
19423,26,HOP
19424,26,NEU
19428,26,NEU
19429,26,NEU
19430,26,ANG
19432,26,ANG
19433,26,ANG
19436,26,HOP
19439,26,ANG
19443,26,COM
19444,26,HOP
19445,26,COM
19446,26,HOP
19448,26,COM
19449,26,NEU
19450,26,HOP
19451,26,COM
19452,26,HOP
19453,26,NEU
19454,26,ANG
19455,26,COM
19456,26,HOP
19457,26,NEU
19458,26,ANG
19460,26,COM
19461,26,HOP
19463,26,NEU
19464,26,ANG
19466,26,COM
19467,26,HOP
19469,26,NEU
19470,26,NEU
19472,26,COM
19473,26,HOP
19474,26,ANG
19477,26,COM
19478,26,HOP
19479,26,NEU
19484,26,COM
19485,26,ANG
19489,26,NEU
19491,26,COM
19492,26,HOP
19494,26,ANG
19495,26,COM
19501,26,ANG
19503,26,COM
19504,26,NEU
19505,26,HOP
19508,26,HOP
19509,26,HOP
19512,26,NEU
19513,26,COM
19514,26,COM
19515,26,NEU
19516,26,ANG
19517,26,ANG
19518,26,NEU
19520,26,ANG
19522,26,HOP
19524,26,COM
19527,26,NEU
19528,26,COM
19530,26,NEU
19532,26,ANG
19533,26,COM
19534,26,ANG
19535,26,ANG
19537,26,HOP
19538,26,NEU
19539,26,COM
19540,26,HOP
19541,26,NEU
19542,26,NEU
19543,26,ANG
19546,26,HOP
19547,26,COM
19549,26,HOP
19550,26,HOP
19551,26,NEU
19553,26,ANG
19554,26,COM
19555,26,ANG
19560,26,HOP
19561,26,NEU
19563,26,COM
19564,26,COM
19565,26,NEU
19566,26,ANG
19567,26,HOP
19568,26,NEU
19570,26,ANG
19571,26,COM
19573,26,COM
19574,26,NEU
19575,26,ANG
19576,26,COM
19579,26,HOP
19580,26,NEU
19581,26,ANG
19582,26,HOP
19583,26,NEU
19584,26,ANG
19594,26,NEU
19595,26,ANG
19597,26,COM
19600,26,HOP
19603,26,NEU
19604,26,COM
19606,26,ANG
19608,26,COM
19609,26,COM
19610,26,NEU
19611,26,COM
19613,26,ANG
19614,26,HOP
19616,26,HOP
19617,26,HOP
19618,26,HOP
19619,26,NEU
19620,26,NEU
19621,26,ANG
19624,26,ANG
19625,26,COM
19626,26,HOP
19627,26,NEU
19628,26,ANG
19629,26,COM
19633,26,NEU
19634,26,NEU
19635,26,ANG
19636,26,ANG
19637,26,COM
19638,26,COM
19639,26,HOP
19640,26,ANG
19642,26,COM
19643,26,COM
19644,26,HOP
19645,26,NEU
19648,26,ANG
19649,26,ANG
19650,26,HOP
19654,26,ANG
19655,26,COM
19656,26,HOP
19657,26,NEU
19658,26,NEU
19661,26,COM
19668,26,ANG
19670,26,COM
19671,26,HOP
19673,26,NEU
19675,26,ANG
19676,26,COM
19677,26,HOP
19680,26,NEU
19681,26,ANG
19682,26,ANG
19684,26,COM
19685,26,COM
19686,26,HOP
19691,26,HOP
19692,26,NEU
19694,26,ANG
19695,26,COM
19696,26,HOP
19697,26,NEU
19698,26,ANG
19699,26,COM
19700,26,HOP
19701,26,NEU
19702,26,ANG
19704,26,COM
19705,26,COM
19706,26,HOP
19707,26,NEU
19708,26,ANG
