sid,stid,name,reading_time,evaluation_time
6889,23,rateus-pl,6443.22,12507
6891,23,rateus-pl,2485.33,35698
6893,23,rateus-pl,11428.00,34192
6895,23,rateus-pl,1716.67,13169
6896,23,rateus-pl,10974.56,29047
6897,23,rateus-pl,8373.00,23297
6898,23,rateus-pl,119853.78,35602
6899,23,rateus-pl,2642.67,16366
6900,23,rateus-pl,12904.89,29923
6902,23,rateus-pl,14226.78,27527
6903,23,rateus-pl,9345.78,57808
6904,23,rateus-pl,15934.78,32284
6905,23,rateus-pl,17624.67,50137
6906,23,rateus-pl,21331.00,35233
6907,23,rateus-pl,983.00,34809
6908,23,rateus-pl,8230.44,11757
6910,23,rateus-pl,18779.00,20609
6911,23,rateus-pl,2654.22,17799
6912,23,rateus-pl,3358.33,7946
6913,23,rateus-pl,9882.33,14486
6914,23,rateus-pl,15916.89,68794
6915,23,rateus-pl,11319.67,23143
6916,23,rateus-pl,13289.67,19439
6917,23,rateus-pl,4632.78,42226
6918,23,rateus-pl,8965.56,17186
6919,23,rateus-pl,12423.22,18939
6922,23,rateus-pl,12156.67,64830
6924,23,rateus-pl,23306.00,24618
6925,23,rateus-pl,900.22,12108
6927,23,rateus-pl,14045.78,26221
6928,23,rateus-pl,17258.78,20953
6929,23,rateus-pl,10459.00,31553
6930,23,rateus-pl,11059.22,28006
6931,23,rateus-pl,17501.33,48270
6932,23,rateus-pl,10116.44,27412
6933,23,rateus-pl,16369.11,44299
6934,23,rateus-pl,7075.33,30289
6935,23,rateus-pl,12568.22,21736
6937,23,rateus-pl,4238.00,24732
6938,23,rateus-pl,16134.67,27678
6939,23,rateus-pl,36478.89,41379
6940,23,rateus-pl,1916.56,44326
6950,23,rateus-pl,10613.33,19192
6951,23,rateus-pl,23977.11,21694
6953,23,rateus-pl,1144.44,1991125
6954,23,rateus-pl,16607.22,32326
6955,23,rateus-pl,9533.11,25248
6956,23,rateus-pl,8890.56,33960
6957,23,rateus-pl,8201.22,30213
6958,23,rateus-pl,4523.56,22268
6959,23,rateus-pl,12852.67,44352
6960,23,rateus-pl,19101.11,43482
6961,23,rateus-pl,14039.67,29960
6963,23,rateus-pl,13693.67,46603
6964,23,rateus-pl,24848.22,38033
6965,23,rateus-pl,11569.00,32298
6966,23,rateus-pl,11293.33,28776
6967,23,rateus-pl,13620.11,22496
6968,23,rateus-pl,8978.67,16537
6969,23,rateus-pl,2634.44,21080
6970,23,rateus-pl,5468.33,11994
6972,23,rateus-pl,11649.22,41163
6973,23,rateus-pl,17901.89,58099
6974,23,rateus-pl,17661.11,32406
6975,23,rateus-pl,13319.89,44581
6977,23,rateus-pl,12067.11,38147
6978,23,rateus-pl,18844.89,82902
6979,23,rateus-pl,4059.11,25277
6980,23,rateus-pl,13945.00,59152
6981,23,rateus-pl,12470.78,167532
6982,23,rateus-pl,14843.44,31060
6983,23,rateus-pl,9004.67,24874
6984,23,rateus-pl,25144.22,26616
6985,23,rateus-pl,94098.89,62028
6986,23,rateus-pl,14154.89,11867
6987,23,rateus-pl,14859.56,42564
6988,23,rateus-pl,27037.33,18777
6989,23,rateus-pl,7970.78,12073
6990,23,rateus-pl,14032.67,28662
6991,23,rateus-pl,7300.33,15591
6992,23,rateus-pl,19952.11,49161
6993,23,rateus-pl,12215.56,44324
6994,23,rateus-pl,5612.56,70191
6995,23,rateus-pl,8216.22,12200
6996,23,rateus-pl,8909.00,24886
6998,23,rateus-pl,10322.44,24050
6999,23,rateus-pl,13583.11,66728
7000,23,rateus-pl,14598.56,26360
7001,23,rateus-pl,15155.89,35802
7002,23,rateus-pl,16220.00,43391
7003,23,rateus-pl,8460.44,36010
7004,23,rateus-pl,8415.33,15603
7005,23,rateus-pl,5856.67,16861
7006,23,rateus-pl,11049.44,35922
7007,23,rateus-pl,34812.44,15349
7008,23,rateus-pl,6721.56,13841
7009,23,rateus-pl,14096.78,31432
7010,23,rateus-pl,18218.33,37574
7011,23,rateus-pl,12137.11,140378
7012,23,rateus-pl,8550.00,15905
7015,23,rateus-pl,9527.44,30202
7016,23,rateus-pl,17458.33,54013
7017,23,rateus-pl,17425.56,46441
7018,23,rateus-pl,19389.44,31557
7019,23,rateus-pl,13643.67,38011
7020,23,rateus-pl,10220.11,18206
7021,23,rateus-pl,8311.44,12306
7022,23,rateus-pl,3213.56,18790
7023,23,rateus-pl,8219.11,26803
7024,23,rateus-pl,13643.33,77963
7025,23,rateus-pl,1858.89,16303
7026,23,rateus-pl,18697.00,34096
7027,23,rateus-pl,18490.00,35010
7028,23,rateus-pl,18143.00,30743
7029,23,rateus-pl,41118.67,32297
7030,23,rateus-pl,18176.67,60254
7031,23,rateus-pl,1727.33,18964
7034,23,rateus-pl,27367.22,38966
7035,23,rateus-pl,11384.78,23433
7036,23,rateus-pl,8539.78,32622
7039,23,rateus-pl,6812.44,30742
7040,23,rateus-pl,8236.00,26861
7041,23,rateus-pl,12720.22,32930
7042,23,rateus-pl,4146.44,43795
7043,23,rateus-pl,10165.56,74928
7044,23,rateus-pl,5419.44,25185
7045,23,rateus-pl,9448.33,43920
7046,23,rateus-pl,13605.56,28120
7047,23,rateus-pl,8152.56,40442
7048,23,rateus-pl,9290.22,37992
7050,23,rateus-pl,11416.22,15327
7051,23,rateus-pl,14302.89,36616
7052,23,rateus-pl,7484.00,19216
7053,23,rateus-pl,13640.11,24314
7054,23,rateus-pl,14385.00,25636
7055,23,rateus-pl,10476.00,20047
7056,23,rateus-pl,832.78,32504
7057,23,rateus-pl,28006.22,146708
7058,23,rateus-pl,8581.33,26570
7059,23,rateus-pl,10287.89,29354
7060,23,rateus-pl,3317.67,13897
7061,23,rateus-pl,1963.11,10606
7062,23,rateus-pl,12047.56,27701
7063,23,rateus-pl,14870.56,24068
7064,23,rateus-pl,508.44,17598
7065,23,rateus-pl,7212.44,18504
7066,23,rateus-pl,25679.44,152925
7067,23,rateus-pl,12841.33,23021
7068,23,rateus-pl,11005.78,27051
7069,23,rateus-pl,1010.44,10071
7070,23,rateus-pl,12646.78,38551
7072,23,rateus-pl,10303.22,22138
7073,23,rateus-pl,14365.78,24296
7074,23,rateus-pl,17246.89,40345
7075,23,rateus-pl,24292.44,83227
7076,23,rateus-pl,120788.89,35437
7077,23,rateus-pl,16143.89,83326
7078,23,rateus-pl,13972.56,18920
7079,23,rateus-pl,7089.33,58073
7081,23,rateus-pl,12312.67,34357
7082,23,rateus-pl,7997.22,8549
7083,23,rateus-pl,11775.89,86399
7084,23,rateus-pl,19905.44,11555
7085,23,rateus-pl,7118.89,23267
7087,23,rateus-pl,10105.00,31719
7088,23,rateus-pl,7794.44,32347
7089,23,rateus-pl,15253.22,61879
7090,23,rateus-pl,9126.56,13844
7091,23,rateus-pl,6402.00,24124
7093,23,rateus-pl,6638.22,21491
7094,23,rateus-pl,9956.33,15214
7095,23,rateus-pl,3145.00,151063
7096,23,rateus-pl,9241.56,22839
7097,23,rateus-pl,11064.67,18617
7098,23,rateus-pl,7190.22,19537
7100,23,rateus-pl,18784.56,48800
7101,23,rateus-pl,9249.00,17047
7102,23,rateus-pl,13870.11,36376
7103,23,rateus-pl,14144.44,46881
7105,23,rateus-pl,14613.78,62804
7106,23,rateus-pl,11219.78,39352
7107,23,rateus-pl,15790.33,55840
7108,23,rateus-pl,13520.56,15234
7109,23,rateus-pl,13885.67,46221
7110,23,rateus-pl,10247.44,20189
7111,23,rateus-pl,9030.44,16305
7112,23,rateus-pl,1559.56,6713
7113,23,rateus-pl,1830.22,38924
7115,23,rateus-pl,18993.67,26935
7116,23,rateus-pl,5104.22,37767
7117,23,rateus-pl,20390.56,60286
7118,23,rateus-pl,9318.44,24969
7119,23,rateus-pl,2751.67,24132
7120,23,rateus-pl,8185.22,30949
7121,23,rateus-pl,25213.67,49432
7122,23,rateus-pl,10471.22,23080
7123,23,rateus-pl,8882.44,29817
7124,23,rateus-pl,11360.44,42914
7125,23,rateus-pl,18873.89,35047
7126,23,rateus-pl,8256.33,17178
7128,23,rateus-pl,990.11,14344
7129,23,rateus-pl,580.22,6867
7130,23,rateus-pl,12205.56,16898
7131,23,rateus-pl,8587.22,37644
7132,23,rateus-pl,21826.00,30167
7133,23,rateus-pl,20967.89,19138
7134,23,rateus-pl,4119.00,17987
7135,23,rateus-pl,11251.89,35733
7136,23,rateus-pl,12416.44,48644
7138,23,rateus-pl,17705.22,50567
7139,23,rateus-pl,11118.89,43904
7140,23,rateus-pl,10422.56,25331
7141,23,rateus-pl,13865.44,34397
7142,23,rateus-pl,7532.22,21811
7143,23,rateus-pl,9465.89,41324
7144,23,rateus-pl,8847.89,22119
7145,23,rateus-pl,12318.22,21812
7146,23,rateus-pl,12173.89,17925
7147,23,rateus-pl,11884.56,23346
7148,23,rateus-pl,11896.33,39008
7149,23,rateus-pl,11774.67,17344
7151,23,rateus-pl,22495.56,49643
7152,23,rateus-pl,9823.67,46418
7153,23,rateus-pl,12697.33,43076
7154,23,rateus-pl,83433.22,60451
7155,23,rateus-pl,8953.67,18649
7156,23,rateus-pl,10438.00,18834
7158,23,rateus-pl,9364.56,14851
7159,23,rateus-pl,18863.11,92445
7165,23,rateus-pl,9375.33,86516
7166,23,rateus-pl,12247.67,18367
7168,23,rateus-pl,15712.11,37207
7169,23,rateus-pl,2898.22,8277
7170,23,rateus-pl,12955.00,21371
7172,23,rateus-pl,5973.00,33746
7173,23,rateus-pl,17975.00,28814
7174,23,rateus-pl,17600.11,49516
7176,23,rateus-pl,10998.89,87702
7177,23,rateus-pl,11534.56,46147
7178,23,rateus-pl,10929.89,19492
7179,23,rateus-pl,38547.67,11795
7181,23,rateus-pl,3496.00,13112
7183,23,rateus-pl,11165.11,24252
7185,23,rateus-pl,13811.67,62830
7186,23,rateus-pl,13730.44,18834
7187,23,rateus-pl,1133.67,36241
7189,23,rateus-pl,4119.89,31216
7190,23,rateus-pl,7742.22,26241
7192,23,rateus-pl,8835.33,16413
7195,23,rateus-pl,16137.33,39218
7197,23,rateus-pl,13378.44,30079
7198,23,rateus-pl,12244.00,35291
7200,23,rateus-pl,9492.00,49138
7201,23,rateus-pl,16846.78,34224
7203,23,rateus-pl,10823.78,41485
7204,23,rateus-pl,12602.00,21435
7205,23,rateus-pl,19137.56,40138
7206,23,rateus-pl,154082.78,13764
7207,23,rateus-pl,15192.56,43800
7209,23,rateus-pl,8711.56,24422
7212,23,rateus-pl,13991.22,141094
7213,23,rateus-pl,12773.44,29246
7214,23,rateus-pl,16293.78,40490
7217,23,rateus-pl,787.11,10871
7218,23,rateus-pl,33815.44,34944
7219,23,rateus-pl,10039.00,45647
7220,23,rateus-pl,12298.56,27482
7221,23,rateus-pl,4546.00,14944
7224,23,rateus-pl,3598.89,15356
7225,23,rateus-pl,12046.67,31829
7228,23,rateus-pl,5830.89,36811
7229,23,rateus-pl,30391.78,103952
7231,23,rateus-pl,9757.44,14287
7233,23,rateus-pl,13509.78,40695
7234,23,rateus-pl,14880.44,19802
7236,23,rateus-pl,4956.78,23265
7238,23,rateus-pl,18098.89,18925
7239,23,rateus-pl,7680.89,27179
7240,23,rateus-pl,12281.33,18496
7244,23,rateus-pl,24781.78,69341
7245,23,rateus-pl,13519.67,14521
7247,23,rateus-pl,30177.56,15514
7248,23,rateus-pl,11794.00,13056
7250,23,rateus-pl,10775.33,26359
7251,23,rateus-pl,8196.67,39426
7253,23,rateus-pl,5599.11,26505
7254,23,rateus-pl,6630.78,10977
7255,23,rateus-pl,9653.89,24188
7259,23,rateus-pl,10613.00,21133
7260,23,rateus-pl,11533.56,27203
7261,23,rateus-pl,22610.33,20762
7264,23,rateus-pl,8563.67,27592
7265,23,rateus-pl,6381.89,14235
7266,23,rateus-pl,10851.78,42798
7269,23,rateus-pl,5030.11,25554
7271,23,rateus-pl,14001.56,23160
7272,23,rateus-pl,9657.56,63087
7274,23,rateus-pl,16564.00,69997
7275,23,rateus-pl,12019.78,52803
7278,23,rateus-pl,36877.67,27792
7279,23,rateus-pl,19265.11,18842
7280,23,rateus-pl,13584.56,32850
7281,23,rateus-pl,11419.67,34878
7282,23,rateus-pl,26668.11,37404
7283,23,rateus-pl,17352.56,23883
7285,23,rateus-pl,15773.44,88581
7286,23,rateus-pl,34222.44,42242
7287,23,rateus-pl,10988.44,23852
7288,23,rateus-pl,13519.22,47101
7289,23,rateus-pl,9225.33,22905
7290,23,rateus-pl,8837.33,16258
7291,23,rateus-pl,8259.78,93994
7292,23,rateus-pl,33808.11,12260
7293,23,rateus-pl,9032.00,24178
7295,23,rateus-pl,10461.44,47014
7296,23,rateus-pl,17916.67,48517
7298,23,rateus-pl,735.78,6028
7299,23,rateus-pl,24635.44,23231
7300,23,rateus-pl,15695.11,26538
7302,23,rateus-pl,13399.78,31714
7303,23,rateus-pl,9722.78,28773
7304,23,rateus-pl,12425.89,14433
7305,23,rateus-pl,3518.89,15934
7306,23,rateus-pl,18077.56,24681
7308,23,rateus-pl,9405.67,28545
7310,23,rateus-pl,7897.44,43840
7311,23,rateus-pl,1302.44,39068
7312,23,rateus-pl,24957.00,25484
7314,23,rateus-pl,11926.56,64663
7315,23,rateus-pl,15680.33,37481
7316,23,rateus-pl,7951.00,20896
7317,23,rateus-pl,12196.67,19444
7319,23,rateus-pl,2597.33,44085
7320,23,rateus-pl,8674.44,20008
7321,23,rateus-pl,45490.89,52377
7322,23,rateus-pl,8606.11,19774
7323,23,rateus-pl,11591.56,16442
7324,23,rateus-pl,10541.67,20456
7326,23,rateus-pl,2344.44,11429
7327,23,rateus-pl,1091.22,9826
7328,23,rateus-pl,11908.56,19016
7331,23,rateus-pl,27845.56,40334
7332,23,rateus-pl,13663.56,21188
7333,23,rateus-pl,13656.67,33473
7334,23,rateus-pl,13273.78,125218
7336,23,rateus-pl,1393.56,13640
7337,23,rateus-pl,15441.11,70815
7339,23,rateus-pl,5295.22,13507
7341,23,rateus-pl,15338.11,18695
7342,23,rateus-pl,2093.78,14130
7344,23,rateus-pl,3852.22,16027
7345,23,rateus-pl,9814.78,22585
7346,23,rateus-pl,50063.00,139642
7347,23,rateus-pl,7183.56,23142
7348,23,rateus-pl,10493.22,19746
7349,23,rateus-pl,9036.11,31113
7350,23,rateus-pl,5198.33,19665
7351,23,rateus-pl,12564.67,18718
7352,23,rateus-pl,20547.33,122517
7354,23,rateus-pl,15993.00,99216
7355,23,rateus-pl,11206.11,20899
7357,23,rateus-pl,8220.33,12501
7361,23,rateus-pl,15585.22,29093
7362,23,rateus-pl,15704.89,26721
7363,23,rateus-pl,17717.44,53041
7365,23,rateus-pl,21117.78,25772
7366,23,rateus-pl,9956.78,11282
7367,23,rateus-pl,39708.44,26609
7368,23,rateus-pl,10698.11,30993
7370,23,rateus-pl,12356.00,21495
7371,23,rateus-pl,9040.11,17346
7372,23,rateus-pl,9054.11,23389
7373,23,rateus-pl,9426.00,48830
7374,23,rateus-pl,8681.67,34433
7375,23,rateus-pl,8852.00,35290
7376,23,rateus-pl,1806.44,10360
7378,23,rateus-pl,1662.00,8598
7379,23,rateus-pl,11282.67,32489
7380,23,rateus-pl,21235.22,23970
7381,23,rateus-pl,6147.44,8284
7382,23,rateus-pl,16583.67,58753
7383,23,rateus-pl,12785.22,66894
7384,23,rateus-pl,1566.56,14099
7385,23,rateus-pl,8976.11,20235
7386,23,rateus-pl,16729.44,25473
7387,23,rateus-pl,12145.11,66461
7388,23,rateus-pl,14260.56,89147
7390,23,rateus-pl,12031.78,33122
7391,23,rateus-pl,17991.89,45386
7392,23,rateus-pl,15446.78,18309
7393,23,rateus-pl,13790.78,74343
7394,23,rateus-pl,22362.33,52196
7395,23,rateus-pl,9340.11,32312
7396,23,rateus-pl,13260.89,21464
7397,23,rateus-pl,768.22,18608
7398,23,rateus-pl,16457.33,27204
7399,23,rateus-pl,18920.44,53438
7400,23,rateus-pl,9729.67,15058
7401,23,rateus-pl,3571.78,15994
7402,23,rateus-pl,4963.67,19312
7403,23,rateus-pl,12990.56,26035
7404,23,rateus-pl,39591.56,6326
7405,23,rateus-pl,15442.44,23289
7406,23,rateus-pl,8222.00,12680
7407,23,rateus-pl,12692.00,37771
7409,23,rateus-pl,8263.22,22805
7410,23,rateus-pl,11841.00,45216
7413,23,rateus-pl,13429.56,27359
7414,23,rateus-pl,15277.44,29571
7415,23,rateus-pl,12038.78,35262
7416,23,rateus-pl,8880.78,17881
7417,23,rateus-pl,74150.22,6429
7418,23,rateus-pl,22407.44,21505
7420,23,rateus-pl,13457.44,15571
7421,23,rateus-pl,14447.22,27361
7424,23,rateus-pl,13800.00,16750
7425,23,rateus-pl,14175.89,39250
7426,23,rateus-pl,11498.44,47964
7427,23,rateus-pl,14974.22,13518
7429,23,rateus-pl,747.44,10627
7430,23,rateus-pl,7029.89,27231
7433,23,rateus-pl,5368.11,13341
7434,23,rateus-pl,23054.11,41859
7435,23,rateus-pl,13555.44,21377
7436,23,rateus-pl,10082.22,13936
7437,23,rateus-pl,65156.89,38501
7438,23,rateus-pl,18355.67,26762
7439,23,rateus-pl,16831.22,17409
7440,23,rateus-pl,31611.33,95777
7441,23,rateus-pl,1460.33,22501
7442,23,rateus-pl,26661.33,75942
7443,23,rateus-pl,11772.11,44127
7444,23,rateus-pl,53120.11,21894
7445,23,rateus-pl,13506.33,17005
7446,23,rateus-pl,44879.00,46664
7447,23,rateus-pl,10811.78,17901
7448,23,rateus-pl,1117.89,14856
7449,23,rateus-pl,10890.11,16940
7450,23,rateus-pl,12745.78,47851
7451,23,rateus-pl,10579.44,38575
7452,23,rateus-pl,10800.22,28615
7454,23,rateus-pl,22903.56,164723
7455,23,rateus-pl,11490.00,95810
7458,23,rateus-pl,13492.11,16170
7459,23,rateus-pl,25935.44,15665
7460,23,rateus-pl,12859.67,21527
7461,23,rateus-pl,13614.89,67644
7462,23,rateus-pl,11314.22,27260
7464,23,rateus-pl,62439.22,58852
7467,23,rateus-pl,9846.22,21818
7468,23,rateus-pl,22167.00,33090
7469,23,rateus-pl,21472.89,38479
7470,23,rateus-pl,24053.33,121501
7471,23,rateus-pl,15905.00,23288
7472,23,rateus-pl,45222.67,40649
7473,23,rateus-pl,14455.89,46956
7474,23,rateus-pl,10799.67,20123
7475,23,rateus-pl,21889.89,44061
7479,23,rateus-pl,14095.56,48204
7480,23,rateus-pl,64460.44,12847
7481,23,rateus-pl,12204.00,22049
7482,23,rateus-pl,7789.00,14978
7486,23,rateus-pl,11895.56,16168
7488,23,rateus-pl,16621.56,69060
7490,23,rateus-pl,12614.22,20113
7492,23,rateus-pl,29191.22,105005
7493,23,rateus-pl,7599.11,21004
7494,23,rateus-pl,68186.78,18760
7496,23,rateus-pl,9158.11,12850
7497,23,rateus-pl,9220.56,45234
7498,23,rateus-pl,11046.56,22155
7499,23,rateus-pl,21283.56,16491
7501,23,rateus-pl,14266.11,26172
7502,23,rateus-pl,10821.44,55803
7503,23,rateus-pl,16807.44,62816
7504,23,rateus-pl,10324.67,28399
7506,23,rateus-pl,11388.89,94760
7507,23,rateus-pl,13843.33,33563
7509,23,rateus-pl,11313.56,33548
7512,23,rateus-pl,11226.67,32211
7513,23,rateus-pl,9838.56,33143
7514,23,rateus-pl,33767.67,29625
7515,23,rateus-pl,10273.33,16706
7516,23,rateus-pl,13528.44,19841
7519,23,rateus-pl,3555.89,15630
7520,23,rateus-pl,18975.78,22903
7521,23,rateus-pl,10300.78,16942
7522,23,rateus-pl,20540.44,40945
7523,23,rateus-pl,1104.89,14236
7526,23,rateus-pl,773.89,15198
7531,23,rateus-pl,6298.00,43263
7532,23,rateus-pl,12364.89,34183
7533,23,rateus-pl,9479.67,31591
7535,23,rateus-pl,15457.00,40444
7539,23,rateus-pl,8856.89,25322
7540,23,rateus-pl,13272.33,19851
7541,23,rateus-pl,11252.78,33858
7542,23,rateus-pl,10593.22,96454
7545,23,rateus-pl,10381.33,27437
7546,23,rateus-pl,10777.44,6626
7547,23,rateus-pl,4913.89,27691
7548,23,rateus-pl,7979.89,20964
7549,23,rateus-pl,9337.67,17058
7550,23,rateus-pl,11103.11,32049
7552,23,rateus-pl,12457.56,17916
7553,23,rateus-pl,12906.89,19889
7554,23,rateus-pl,16183.22,44974
7556,23,rateus-pl,10156.33,25382
7559,23,rateus-pl,3476.00,20165
7560,23,rateus-pl,14090.00,22919
7563,23,rateus-pl,11349.33,23315
7567,23,rateus-pl,5812.56,38443
7571,23,rateus-pl,16040.89,39305
7573,23,rateus-pl,13802.89,53431
7575,23,rateus-pl,16168.00,18170
7576,23,rateus-pl,13196.67,30498
7579,23,rateus-pl,13997.00,22366
7580,23,rateus-pl,16421.33,49481
7582,23,rateus-pl,32682.33,21922
7583,23,rateus-pl,13918.11,35331
7584,23,rateus-pl,10982.89,13586
7586,23,rateus-pl,11362.33,39785
7587,23,rateus-pl,7139.89,13256
7588,23,rateus-pl,12139.22,19860
7594,23,rateus-pl,18447.00,22291
7595,23,rateus-pl,11702.00,34493
7596,23,rateus-pl,10877.11,23962
7597,23,rateus-pl,16120.44,53465
7598,23,rateus-pl,796.11,23873
7600,23,rateus-pl,9535.33,32332
7602,23,rateus-pl,11076.78,32124
7604,23,rateus-pl,16569.22,22085
7605,23,rateus-pl,7737.11,17083
7606,23,rateus-pl,48402.11,41623
7607,23,rateus-pl,15860.56,36330
7608,23,rateus-pl,10148.22,34212
7609,23,rateus-pl,10609.67,64064
7610,23,rateus-pl,15624.78,30483
7611,23,rateus-pl,2392.44,28571
7612,23,rateus-pl,9549.44,21288
7613,23,rateus-pl,9017.89,29243
7614,23,rateus-pl,13660.56,12688
7616,23,rateus-pl,13616.67,20464
7617,23,rateus-pl,22956.11,50106
7623,23,rateus-pl,7997.22,51201
7624,23,rateus-pl,10845.89,25792
7625,23,rateus-pl,28090.56,119587
7627,23,rateus-pl,10538.89,17296
7631,23,rateus-pl,9021.00,26961
7638,23,rateus-pl,6356.89,27622
7639,23,rateus-pl,10498.33,14833
7640,23,rateus-pl,11929.33,18995
7643,23,rateus-pl,10545.11,24370
7647,23,rateus-pl,15282.89,23583
7651,23,rateus-pl,21413.56,38445
7654,23,rateus-pl,14568.67,119250
7655,23,rateus-pl,11994.22,27083
7659,23,rateus-pl,3203.67,24199
7660,23,rateus-pl,10422.67,33688
7666,23,rateus-pl,1407.11,11659
7670,23,rateus-pl,11489.33,82653
7671,23,rateus-pl,5891.22,39746
7674,23,rateus-pl,11131.89,13000
7678,23,rateus-pl,9842.78,27123
7679,23,rateus-pl,13918.22,41281
7680,23,rateus-pl,8817.11,14702
7682,23,rateus-pl,13312.22,36345
7687,23,rateus-pl,7884.00,26004
7688,23,rateus-pl,10514.11,28349
7695,23,rateus-pl,15858.00,18500
7700,23,rateus-pl,9914.44,80457
7701,23,rateus-pl,11173.33,28592
7702,23,rateus-pl,20185.44,60502
7703,23,rateus-pl,13285.00,28922
7715,23,rateus-pl,2257.56,9862
7717,23,rateus-pl,58812.89,55846
7718,23,rateus-pl,35197.00,79096
7726,23,rateus-pl,21185.56,18157
7727,23,rateus-pl,11197.67,43055
7733,23,rateus-pl,825.33,17878
7740,23,rateus-pl,14528.67,29968
7741,23,rateus-pl,13307.33,30589
7744,23,rateus-pl,21319.00,42597
7755,23,rateus-pl,1101.67,24750
7764,23,rateus-pl,21179.22,23997
7765,23,rateus-pl,679.33,7885
7768,23,rateus-pl,16869.22,21144
7772,23,rateus-pl,5182.89,28366
7782,23,rateus-pl,8190.11,13833
7787,23,rateus-pl,45480.11,68843
7788,23,rateus-pl,18842.78,41682
7791,23,rateus-pl,14970.11,33401
7795,23,rateus-pl,18151.44,44781
7798,23,rateus-pl,10610.33,17241
7810,23,rateus-pl,58919.00,54991
7813,23,rateus-pl,12163.33,74724
7816,23,rateus-pl,12571.11,36826
7819,23,rateus-pl,12246.00,41164
7824,23,rateus-pl,24073.33,30666
7842,23,rateus-pl,9378.33,29665
7849,23,rateus-pl,16675.22,28714
7850,23,rateus-pl,14924.56,26497
7851,23,rateus-pl,6818.89,33985
7860,23,rateus-pl,2410.56,24682
7861,23,rateus-pl,14414.00,31545
7877,23,rateus-pl,862.11,77750
7880,23,rateus-pl,20944.33,49342
7891,23,rateus-pl,12513.33,35485
7893,23,rateus-pl,13160.00,50105
7897,23,rateus-pl,18007.11,28866
7903,23,rateus-pl,21010.44,34724
7908,23,rateus-pl,14116.22,22398
7910,23,rateus-pl,9568.67,15978
7914,23,rateus-pl,13385.78,22360
7918,23,rateus-pl,17495.33,41601
7919,23,rateus-pl,16052.22,25747
7922,23,rateus-pl,11736.44,29363
7924,23,rateus-pl,13915.44,50634
7926,23,rateus-pl,12212.33,41438
7931,23,rateus-pl,19948.00,23634
7933,23,rateus-pl,11281.56,25906
7936,23,rateus-pl,18549.00,42810
7939,23,rateus-pl,7209.78,15180
7944,23,rateus-pl,27779.89,23121
7946,23,rateus-pl,16243.89,27200
7950,23,rateus-pl,9421.22,20822
7952,23,rateus-pl,10240.00,15905
7953,23,rateus-pl,16405.00,49113
7954,23,rateus-pl,14041.78,42756
7958,23,rateus-pl,18212.78,45887
7960,23,rateus-pl,24238.89,51783
7964,23,rateus-pl,17601.33,44848
7966,23,rateus-pl,8676.00,19216
7967,23,rateus-pl,3559.11,11002
7969,23,rateus-pl,9025.78,33308
7974,23,rateus-pl,27641.67,20950
7987,23,rateus-pl,15188.44,33590
7997,23,rateus-pl,2424.00,24242
8000,23,rateus-pl,10531.56,21514
8001,23,rateus-pl,6489.22,13377
8002,23,rateus-pl,5127.11,12250
8007,23,rateus-pl,12396.56,48912
8009,23,rateus-pl,13369.89,72177
8011,23,rateus-pl,16094.78,41051
8012,23,rateus-pl,15308.33,87173
8014,23,rateus-pl,10497.33,30635
8016,23,rateus-pl,24646.33,117616
8027,23,rateus-pl,10604.44,32584
8028,23,rateus-pl,15078.11,65675
8029,23,rateus-pl,8421.89,68968
8030,23,rateus-pl,12861.00,28034
8033,23,rateus-pl,7493.78,44881
8034,23,rateus-pl,8801.89,20904
8035,23,rateus-pl,21175.67,35235
8038,23,rateus-pl,7512.89,20151
8039,23,rateus-pl,13097.00,40798
8040,23,rateus-pl,7075.44,29750
8044,23,rateus-pl,5281.00,48421
8047,23,rateus-pl,10972.22,14770
8048,23,rateus-pl,3409.22,21858
8051,23,rateus-pl,9179.11,24704
8053,23,rateus-pl,10857.44,31087
8056,23,rateus-pl,25509.22,43675
8057,23,rateus-pl,12506.89,21120
8059,23,rateus-pl,12514.89,27174
8062,23,rateus-pl,4387.22,8240
8064,23,rateus-pl,7742.33,19832
8068,23,rateus-pl,13603.00,28563
8070,23,rateus-pl,8675.11,16161
8072,23,rateus-pl,12415.78,35207
8074,23,rateus-pl,6232.00,29198
8075,23,rateus-pl,17887.67,47110
8077,23,rateus-pl,2122.33,182752
8079,23,rateus-pl,11203.11,37353
8083,23,rateus-pl,22544.00,61561
8084,23,rateus-pl,12785.22,44077
8086,23,rateus-pl,7243.67,19345
8089,23,rateus-pl,997.44,7273
8094,23,rateus-pl,24588.78,38661
8097,23,rateus-pl,13464.56,70737
8106,23,rateus-pl,4419.78,24650
8114,23,rateus-pl,15157.11,36882
8118,23,rateus-pl,9408.67,29728
8147,23,rateus-pl,50279.67,198845
8162,23,rateus-pl,20278.78,29312
8164,23,rateus-pl,10114.89,19317
8181,23,rateus-pl,15232.89,15062
8182,23,rateus-pl,12915.67,37892
8197,23,rateus-pl,13988.33,26878
8199,23,rateus-pl,16152.33,41747
8227,23,rateus-pl,12490.78,43453
8228,23,rateus-pl,27710.33,37552
8230,23,rateus-pl,39184.33,165581
8233,23,rateus-pl,20363.00,139069
8234,23,rateus-pl,1077.78,8836
8235,23,rateus-pl,14212.67,94257
8239,23,rateus-pl,10466.78,26529
8240,23,rateus-pl,1271.56,23075
8242,23,rateus-pl,12258.00,33454
8249,23,rateus-pl,1989.78,29640
8250,23,rateus-pl,98245.56,254386
8265,23,rateus-pl,16231.33,60780
8286,23,rateus-pl,12819.00,54027
8290,23,rateus-pl,2975.89,11569
8314,23,rateus-pl,15467.44,34206
8316,23,rateus-pl,7750.00,26797
8340,23,rateus-pl,16720.33,36805
8343,23,rateus-pl,9291.33,24816
8355,23,rateus-pl,19063.89,35543
8371,23,rateus-pl,13612.56,20422
8386,23,rateus-pl,11056.67,30391
8387,23,rateus-pl,20915.56,83077
8390,23,rateus-pl,15198.78,54791
8391,23,rateus-pl,19639.67,27163
8402,23,rateus-pl,19259.56,61707
8415,23,rateus-pl,17787.67,83895
8428,23,rateus-pl,8442.33,16553
8433,23,rateus-pl,1364.89,34668
8461,23,rateus-pl,14151.44,30140
8463,23,rateus-pl,19777.89,29093
8466,23,rateus-pl,16350.00,64611
8467,23,rateus-pl,17652.33,34658
8487,23,rateus-pl,3712.56,12793
8497,23,rateus-pl,30858.22,40585
8502,23,rateus-pl,29438.00,44549
8509,23,rateus-pl,1403.78,10481
8511,23,rateus-pl,15378.33,89318
8515,23,rateus-pl,8698.44,38161
8526,23,rateus-pl,271136.67,55753
8537,23,rateus-pl,15269.56,28077
8544,23,rateus-pl,10792.33,25249
8548,23,rateus-pl,17318.78,45299
8553,23,rateus-pl,3106.89,32157
8555,23,rateus-pl,18321.67,93249
8581,23,rateus-pl,15178.89,19997
8585,23,rateus-pl,10983.78,42833
8591,23,rateus-pl,7446.33,23915
8598,23,rateus-pl,13330.44,87880
8601,23,rateus-pl,18246.22,82875
8615,23,rateus-pl,15004.33,88907
8631,23,rateus-pl,12749.11,23905
8642,23,rateus-pl,1794.00,29186
8649,23,rateus-pl,13126.00,24721
8650,23,rateus-pl,22054.56,63790
8655,23,rateus-pl,1346.56,20986
8676,23,rateus-pl,20610.11,141138
8686,23,rateus-pl,13844.56,28237
8691,23,rateus-pl,17270.33,32110
8704,23,rateus-pl,16863.89,27609
8706,23,rateus-pl,9332.11,29590
8722,23,rateus-pl,11653.33,26759
8741,23,rateus-pl,21951.00,29370
8759,23,rateus-pl,6899.11,80520
8762,23,rateus-pl,8183.67,23006
8764,23,rateus-pl,9121.11,30713
8765,23,rateus-pl,1293.89,17713
8773,23,rateus-pl,13367.00,28782
8783,23,rateus-pl,10643.00,39182
8792,23,rateus-pl,1455.67,8297
8798,23,rateus-pl,6861.78,32650
8805,23,rateus-pl,2323.33,13887
8808,23,rateus-pl,3643.56,27613
8819,23,rateus-pl,2595.11,13371
8853,23,rateus-pl,10483.56,16381
8861,23,rateus-pl,11876.33,20857
8884,23,rateus-pl,2979.22,30314
8891,23,rateus-pl,25746.00,79555
8906,23,rateus-pl,9710.33,14855
8908,23,rateus-pl,11443.89,72533
8912,23,rateus-pl,15811.44,65339
8916,23,rateus-pl,11161.11,23878
8928,23,rateus-pl,16352.78,62630
8939,23,rateus-pl,15014.22,32513
8952,23,rateus-pl,5516.22,59202
8961,23,rateus-pl,7556.11,29457
8969,23,rateus-pl,19248.78,86706
8977,23,rateus-pl,13532.11,36392
8980,23,rateus-pl,14134.22,25153
8987,23,rateus-pl,6872.44,51796
9004,23,rateus-pl,11184.89,34252
9013,23,rateus-pl,11128.67,20277
9016,23,rateus-pl,29634.89,30023
9025,23,rateus-pl,8989.44,51559
9044,23,rateus-pl,6309.33,16288
9049,23,rateus-pl,12123.00,22398
9067,23,rateus-pl,16895.56,26737
9072,23,rateus-pl,10069.00,47534
9078,23,rateus-pl,6849.78,49129
9082,23,rateus-pl,17784.33,44282
9088,23,rateus-pl,10099.11,21338
9095,23,rateus-pl,29948.44,37408
9098,23,rateus-pl,22227.33,36656
9111,23,rateus-pl,8155.89,23404
9126,23,rateus-pl,13457.00,46325
9128,23,rateus-pl,83803.00,14193
9131,23,rateus-pl,14483.56,32823
9139,23,rateus-pl,18366.78,26640
9154,23,rateus-pl,18067.67,155547
9165,23,rateus-pl,29882.78,24242
9185,23,rateus-pl,5905.22,48824
9195,23,rateus-pl,15297.44,31676
9201,23,rateus-pl,17342.67,45954
9204,23,rateus-pl,8259.89,22559
9205,23,rateus-pl,15574.67,741308
9221,23,rateus-pl,15351.67,44224
9238,23,rateus-pl,18898.22,41186
9242,23,rateus-pl,6646.22,20250
9243,23,rateus-pl,10882.33,38139
9247,23,rateus-pl,5454.00,33085
9251,23,rateus-pl,8957.44,55321
9278,23,rateus-pl,544.89,6156
9279,23,rateus-pl,10800.78,22022
9282,23,rateus-pl,17428.33,55954
9284,23,rateus-pl,11396.22,30956
9292,23,rateus-pl,11166.33,17521
9295,23,rateus-pl,10981.11,18993
9306,23,rateus-pl,12277.33,16237
9319,23,rateus-pl,8447.67,25763
9325,23,rateus-pl,880.00,8017
9327,23,rateus-pl,633.00,7464
9335,23,rateus-pl,8471.67,13800
9336,23,rateus-pl,11097.44,29464
9356,23,rateus-pl,12484.22,26005
9359,23,rateus-pl,11106.44,58439
9362,23,rateus-pl,8984.44,10736
9363,23,rateus-pl,504.56,5104
9364,23,rateus-pl,569.22,5360
9365,23,rateus-pl,8196.11,33100
9369,23,rateus-pl,5829.00,12096
9375,23,rateus-pl,7240.22,13369
9385,23,rateus-pl,7105.89,32932
9398,23,rateus-pl,13799.33,21840
9406,23,rateus-pl,4009.33,12727
9407,23,rateus-pl,19673.44,25267
9412,23,rateus-pl,4187.00,12453
9419,23,rateus-pl,8937.22,21049
9429,23,rateus-pl,9902.44,20611
9431,23,rateus-pl,9076.67,19025
9432,23,rateus-pl,21234.22,24848
9439,23,rateus-pl,3986.89,24449
9441,23,rateus-pl,10546.56,43206
9448,23,rateus-pl,10012.44,21361
9449,23,rateus-pl,6215.33,10538
9451,23,rateus-pl,12048.11,30747
9455,23,rateus-pl,9363.56,20314
9464,23,rateus-pl,15783.00,16530
9478,23,rateus-pl,16905.22,38774
9489,23,rateus-pl,10424.00,24390
9490,23,rateus-pl,3961.67,25028
9515,23,rateus-pl,16709.56,41218
9518,23,rateus-pl,14213.22,32629
9526,23,rateus-pl,6417.44,15672
9536,23,rateus-pl,11630.44,21555
9539,23,rateus-pl,15523.78,27242
9545,23,rateus-pl,8157.78,32577
9549,23,rateus-pl,11337.44,31746
9569,23,rateus-pl,41827.33,19200
9585,23,rateus-pl,11371.11,26700
9602,23,rateus-pl,11059.33,31532
9603,23,rateus-pl,2078.11,8497
9619,23,rateus-pl,13260.22,31090
9638,23,rateus-pl,14345.11,17110
9640,23,rateus-pl,19385.44,27703
9671,23,rateus-pl,52220.00,60806
9675,23,rateus-pl,21035.56,33847
9680,23,rateus-pl,18000.00,31591
9687,23,rateus-pl,9486.56,23195
9689,23,rateus-pl,22595.56,45289
9690,23,rateus-pl,9443.33,26114
9713,23,rateus-pl,9307.89,32186
9720,23,rateus-pl,15041.11,26305
9724,23,rateus-pl,12415.67,22665
9733,23,rateus-pl,11284.67,13952
9742,23,rateus-pl,9530.22,31622
9747,23,rateus-pl,5563.33,21068
9751,23,rateus-pl,10960.67,22224
9753,23,rateus-pl,671.33,40362
9754,23,rateus-pl,20534.44,76844
9762,23,rateus-pl,28759.56,36475
9765,23,rateus-pl,11343.11,42440
9782,23,rateus-pl,6336.22,15164
9792,23,rateus-pl,28333.56,52714
9796,23,rateus-pl,9053.22,35432
9800,23,rateus-pl,17441.78,22417
9802,23,rateus-pl,5905.00,21095
9804,23,rateus-pl,11717.89,28601
9819,23,rateus-pl,13991.22,21641
9820,23,rateus-pl,24353.11,123976
9821,23,rateus-pl,25878.00,90378
9822,23,rateus-pl,11607.56,26214
9824,23,rateus-pl,11572.89,36896
9825,23,rateus-pl,52787.56,11190
9826,23,rateus-pl,8919.78,45152
9827,23,rateus-pl,10728.56,19209
9828,23,rateus-pl,21417.44,64780
9830,23,rateus-pl,18046.00,51499
9832,23,rateus-pl,19054.67,31626
9833,23,rateus-pl,23669.67,57050
9834,23,rateus-pl,18496.44,22853
9835,23,rateus-pl,11199.33,22130
9836,23,rateus-pl,16407.33,44712
9837,23,rateus-pl,84241.67,26617
9838,23,rateus-pl,12044.78,16563
9840,23,rateus-pl,10307.22,29491
9841,23,rateus-pl,14149.33,32204
9842,23,rateus-pl,17015.33,34569
9843,23,rateus-pl,13372.33,33350
9844,23,rateus-pl,12300.00,23594
9845,23,rateus-pl,12585.33,37079
9846,23,rateus-pl,10599.44,19122
9847,23,rateus-pl,10561.11,27353
9848,23,rateus-pl,10821.00,19346
9849,23,rateus-pl,19598.11,41630
9850,23,rateus-pl,13955.00,35473
9851,23,rateus-pl,12638.67,40953
9852,23,rateus-pl,7856.89,17098
9853,23,rateus-pl,13194.44,24915
9854,23,rateus-pl,2188.56,157254
9855,23,rateus-pl,14637.78,32037
9856,23,rateus-pl,16903.89,34652
9857,23,rateus-pl,6391.56,19408
9859,23,rateus-pl,9972.56,31755
9860,23,rateus-pl,8805.11,28737
9862,23,rateus-pl,7960.22,19929
9863,23,rateus-pl,8080.33,15511
9864,23,rateus-pl,10149.56,15704
9865,23,rateus-pl,7141.78,48419
9868,23,rateus-pl,11933.56,19612
9870,23,rateus-pl,20051.67,33439
9872,23,rateus-pl,13112.78,22001
9875,23,rateus-pl,6280.22,20704
9876,23,rateus-pl,9021.67,40234
9877,23,rateus-pl,12521.56,30031
9878,23,rateus-pl,10113.44,30061
9879,23,rateus-pl,5311.67,27029
9880,23,rateus-pl,808.78,15890
9881,23,rateus-pl,34460.89,28739
9882,23,rateus-pl,11436.78,57720
9883,23,rateus-pl,12442.56,21986
9884,23,rateus-pl,37161.22,44434
9885,23,rateus-pl,8578.44,40975
9892,23,rateus-pl,869.33,8928
9893,23,rateus-pl,7655.89,14105
9894,23,rateus-pl,2047.33,26142
9895,23,rateus-pl,10915.89,46169
9897,23,rateus-pl,11066.56,15804
9898,23,rateus-pl,19273.67,25148
9899,23,rateus-pl,15918.89,25512
9900,23,rateus-pl,6416.78,22409
9901,23,rateus-pl,9473.22,12491
9902,23,rateus-pl,13427.00,87103
9903,23,rateus-pl,15588.22,26007
9904,23,rateus-pl,1503.44,35947
9905,23,rateus-pl,12933.00,41892
9906,23,rateus-pl,12889.44,22888
9907,23,rateus-pl,19629.56,30062
9908,23,rateus-pl,12375.56,22685
9909,23,rateus-pl,29840.44,23990
9910,23,rateus-pl,7140.00,12823
9912,23,rateus-pl,13006.22,28608
9914,23,rateus-pl,4783.67,33128
9915,23,rateus-pl,33426.67,40846
9916,23,rateus-pl,15898.22,29558
9917,23,rateus-pl,50725.67,31165
9919,23,rateus-pl,8800.67,44655
9920,23,rateus-pl,10265.89,26585
9922,23,rateus-pl,15774.44,43206
9923,23,rateus-pl,20342.11,51114
9924,23,rateus-pl,12733.67,24680
9926,23,rateus-pl,15346.78,82505
9928,23,rateus-pl,961.78,13721
9932,23,rateus-pl,5470.33,15017
9934,23,rateus-pl,11968.11,38023
9935,23,rateus-pl,15179.33,35914
9936,23,rateus-pl,10752.33,18155
9937,23,rateus-pl,13302.22,34595
9938,23,rateus-pl,11277.33,24964
9939,23,rateus-pl,14335.89,26614
9941,23,rateus-pl,3456.33,20981
9943,23,rateus-pl,8393.22,20145
9944,23,rateus-pl,7481.22,9055
9947,23,rateus-pl,2200.89,29982
9949,23,rateus-pl,10760.22,31594
9950,23,rateus-pl,12878.22,10659
9952,23,rateus-pl,9048.00,22745
9954,23,rateus-pl,8783.44,21374
9955,23,rateus-pl,25547.78,30129
9956,23,rateus-pl,7692.78,18094
9957,23,rateus-pl,23305.44,27909
9959,23,rateus-pl,13505.22,34689
9960,23,rateus-pl,7063.22,23595
9961,23,rateus-pl,5989.11,35091
9962,23,rateus-pl,2575.11,10606
9964,23,rateus-pl,9357.78,37272
9965,23,rateus-pl,10612.89,19086
9966,23,rateus-pl,5707.22,22949
9967,23,rateus-pl,9360.78,17438
9968,23,rateus-pl,20057.22,39753
9969,23,rateus-pl,15891.33,24462
9970,23,rateus-pl,15468.33,36442
9971,23,rateus-pl,8695.11,24192
9972,23,rateus-pl,15444.67,33881
9976,23,rateus-pl,10434.89,40592
9978,23,rateus-pl,13467.89,16611
9984,23,rateus-pl,14123.00,54404
9988,23,rateus-pl,9120.67,24340
9989,23,rateus-pl,1164.33,9270
9994,23,rateus-pl,11563.44,20551
9995,23,rateus-pl,25396.67,33299
10000,23,rateus-pl,5638.89,22553
10003,23,rateus-pl,14668.44,49238
10005,23,rateus-pl,12619.44,25290
10010,23,rateus-pl,1050088.22,28327
10021,23,rateus-pl,13506.78,29785
10023,23,rateus-pl,17681.00,30186
10024,23,rateus-pl,12665.44,45015
10026,23,rateus-pl,1544.11,10888
10028,23,rateus-pl,8827.56,40334
10031,23,rateus-pl,3283.22,16699
10033,23,rateus-pl,8446.78,26214
10034,23,rateus-pl,15465.33,60367
10035,23,rateus-pl,8201.44,39415
10036,23,rateus-pl,10965.89,22064
10038,23,rateus-pl,15564.89,35360
10040,23,rateus-pl,14775.11,24984
10041,23,rateus-pl,24652.89,28689
10042,23,rateus-pl,7314.44,17330
10044,23,rateus-pl,18686.22,34214
10047,23,rateus-pl,8387.89,22474
18220,26,rateus-no,5133.67,41563
18221,26,rateus-no,1464.67,69843
18222,26,rateus-no,14208.78,38367
18224,26,rateus-no,7211.89,20337
18225,26,rateus-no,8126.00,13631
18226,26,rateus-no,6675.00,13066
18227,26,rateus-no,1354.00,83942
18228,26,rateus-no,2134.89,24349
18229,26,rateus-no,12028.22,25265
18230,26,rateus-no,150840.56,12523
18232,26,rateus-no,4503.44,110841
18233,26,rateus-no,2103.11,47994
18234,26,rateus-no,1761.78,48562
18235,26,rateus-no,4430.00,28482
18236,26,rateus-no,1535.67,23432
18237,26,rateus-no,8349.67,20087
18238,26,rateus-no,7791.00,47147
18239,26,rateus-no,5407.22,31307
18241,26,rateus-no,9000.44,33979
18242,26,rateus-no,69269.00,26783
18243,26,rateus-no,13752.22,42823
18244,26,rateus-no,9047.78,39823
18246,26,rateus-no,9890.67,15055
18248,26,rateus-no,1121.56,23144
18250,26,rateus-no,5338.00,21612
18251,26,rateus-no,1037.78,18932
18254,26,rateus-no,1741.78,27228
18256,26,rateus-no,832.89,22664
18257,26,rateus-no,2168.56,16140
18258,26,rateus-no,19505.22,32511
18259,26,rateus-no,1367.89,102121
18260,26,rateus-no,5925.78,26501
18261,26,rateus-no,11570.89,39939
18262,26,rateus-no,698.00,5064
18263,26,rateus-no,4300.44,20674
18264,26,rateus-no,3076.22,17532
18265,26,rateus-no,10366.33,36666
18267,26,rateus-no,1319.22,33340
18269,26,rateus-no,776.89,17518
18270,26,rateus-no,4452.56,11180
18271,26,rateus-no,24494.67,7613
18273,26,rateus-no,15450.22,28349
18274,26,rateus-no,11726.33,13987
18275,26,rateus-no,41902.11,75726
18276,26,rateus-no,9242.89,36130
18277,26,rateus-no,17983.56,83438
18279,26,rateus-no,11646.11,57842
18280,26,rateus-no,994.89,24029
18281,26,rateus-no,10756.67,26941
18282,26,rateus-no,10398.22,32370
18283,26,rateus-no,11227.89,54150
18284,26,rateus-no,11428.67,61823
18285,26,rateus-no,12627.11,30269
18286,26,rateus-no,7661.44,50992
18287,26,rateus-no,5188.67,18816
18288,26,rateus-no,935.89,13897
18289,26,rateus-no,5565.22,38879
18290,26,rateus-no,1121.44,14069
18291,26,rateus-no,3770.56,19450
18292,26,rateus-no,6840.44,15980
18294,26,rateus-no,13903.67,27505
18297,26,rateus-no,5718.22,15939
18298,26,rateus-no,5345.78,27249
18299,26,rateus-no,8947.78,12357
18301,26,rateus-no,9261.67,18708
18303,26,rateus-no,15603.67,27663
18304,26,rateus-no,3596.44,125144
18305,26,rateus-no,5032.22,16279
18307,26,rateus-no,13107.67,19673
18308,26,rateus-no,7406.78,22639
18310,26,rateus-no,11389.11,47596
18311,26,rateus-no,899.56,26270
18312,26,rateus-no,13638.11,51036
18313,26,rateus-no,8890.67,17837
18314,26,rateus-no,17707.56,34994
18315,26,rateus-no,744.33,46111
18316,26,rateus-no,9184.00,64917
18317,26,rateus-no,761.00,55541
18319,26,rateus-no,1336.22,24674
18320,26,rateus-no,8539.78,26300
18321,26,rateus-no,1039.00,66328
18322,26,rateus-no,18760.89,58135
18323,26,rateus-no,8547.44,25885
18325,26,rateus-no,8083.89,274922
18326,26,rateus-no,13770.67,20254
18328,26,rateus-no,33579.67,33476
18329,26,rateus-no,4471.67,35178
18332,26,rateus-no,4495.89,5233
18335,26,rateus-no,15397.78,43993
18336,26,rateus-no,1174.00,36997
18338,26,rateus-no,14452.22,80749
18339,26,rateus-no,1033.33,8993
18340,26,rateus-no,15579.44,29856
18341,26,rateus-no,904.89,38836
18343,26,rateus-no,4559.56,14928
18344,26,rateus-no,29005.56,48980
18345,26,rateus-no,13009.22,30169
18346,26,rateus-no,23581.22,63623
18347,26,rateus-no,23344.56,78745
18348,26,rateus-no,12466.78,42946
18352,26,rateus-no,7806.78,18927
18353,26,rateus-no,9396.78,25853
18356,26,rateus-no,10665.33,30342
18357,26,rateus-no,469.67,11843
18360,26,rateus-no,43606.11,147109
18362,26,rateus-no,11433.44,29649
18363,26,rateus-no,732.22,20399
18364,26,rateus-no,891.67,9495
18365,26,rateus-no,1274.11,21300
18367,26,rateus-no,1083.22,34977
18369,26,rateus-no,2095.33,35553
18370,26,rateus-no,728.22,12529
18371,26,rateus-no,2052.78,37238
18373,26,rateus-no,6374.33,21790
18374,26,rateus-no,2281.33,26828
18375,26,rateus-no,7253.22,18414
18379,26,rateus-no,13323.89,28562
18380,26,rateus-no,11066.67,44122
18381,26,rateus-no,14065.44,49274
18382,26,rateus-no,8454.00,27126
18384,26,rateus-no,9160.33,33919
18388,26,rateus-no,2463.56,14270
18390,26,rateus-no,48498.22,51397
18391,26,rateus-no,9112.78,58940
18394,26,rateus-no,2127.56,36818
18397,26,rateus-no,15705.33,75691
18398,26,rateus-no,587.89,16715
18400,26,rateus-no,743.44,57414
18404,26,rateus-no,1543.78,66839
18406,26,rateus-no,1391.22,14168
18407,26,rateus-no,942.44,8065
18408,26,rateus-no,5407.89,22619
18409,26,rateus-no,901.44,40531
18410,26,rateus-no,7977.22,41670
18412,26,rateus-no,7550.33,22441
18414,26,rateus-no,1016.78,23867
18415,26,rateus-no,15645.89,68613
18416,26,rateus-no,13756.89,55335
18420,26,rateus-no,11089.67,28299
18421,26,rateus-no,15128.00,33924
18424,26,rateus-no,1222.67,17946
18427,26,rateus-no,9639.67,32259
18430,26,rateus-no,48458.00,67182
18432,26,rateus-no,17371.22,18939
18434,26,rateus-no,14906.56,47068
18438,26,rateus-no,3237.56,22111
18439,26,rateus-no,1510.89,23967
18441,26,rateus-no,22485.56,52352
18442,26,rateus-no,982.22,30734
18445,26,rateus-no,1705.67,33881
18446,26,rateus-no,6773.22,21694
18448,26,rateus-no,17130.67,41183
18451,26,rateus-no,6272.78,15349
18452,26,rateus-no,847.11,34590
18453,26,rateus-no,4765.22,22424
18455,26,rateus-no,13763.44,29677
18457,26,rateus-no,17306.56,55812
18458,26,rateus-no,6674.22,30444
18460,26,rateus-no,9969.11,50127
18461,26,rateus-no,13597.44,40026
18462,26,rateus-no,3611.89,38193
18465,26,rateus-no,10769.33,27896
18466,26,rateus-no,5978.78,14698
18467,26,rateus-no,11310.22,19608
18469,26,rateus-no,7726.78,30778
18470,26,rateus-no,5763.56,41827
18471,26,rateus-no,1595.22,56056
18472,26,rateus-no,998.89,33541
18473,26,rateus-no,9661.22,24255
18475,26,rateus-no,1092.67,25772
18476,26,rateus-no,11089.78,106707
18480,26,rateus-no,9677.00,30009
18481,26,rateus-no,1736.44,9906
18484,26,rateus-no,16709.22,44141
18485,26,rateus-no,12017.78,44189
18486,26,rateus-no,1058.44,7699
18487,26,rateus-no,13579.67,44501
18488,26,rateus-no,812.78,15530
18489,26,rateus-no,552.67,88159
18490,26,rateus-no,3277.11,11159
18491,26,rateus-no,5637.00,20162
18493,26,rateus-no,1617.00,17601
18494,26,rateus-no,4039.00,21016
18496,26,rateus-no,5773.56,35113
18498,26,rateus-no,9462.00,15934
18500,26,rateus-no,13148.67,22729
18501,26,rateus-no,21764.22,55208
18502,26,rateus-no,24710.33,43483
18503,26,rateus-no,2409.67,49313
18504,26,rateus-no,20886.22,46971
18505,26,rateus-no,14860.89,84193
18506,26,rateus-no,3433.78,7217
18507,26,rateus-no,2044.89,21806
18508,26,rateus-no,4442.11,22628
18511,26,rateus-no,11870.78,21977
18512,26,rateus-no,8554.78,16210
18513,26,rateus-no,9379.00,36760
18515,26,rateus-no,646.44,6696
18516,26,rateus-no,6896.56,125718
18519,26,rateus-no,9057.89,15062
18520,26,rateus-no,5797.11,19060
18522,26,rateus-no,17742.89,8785
18524,26,rateus-no,877.33,15891
18525,26,rateus-no,871.89,49765
18528,26,rateus-no,1017.11,25620
18529,26,rateus-no,10428.78,27514
18532,26,rateus-no,12547.22,17645
18533,26,rateus-no,1566.33,13821
18535,26,rateus-no,13500.44,40736
18538,26,rateus-no,10238.22,26067
18539,26,rateus-no,3302.56,19513
18540,26,rateus-no,853.22,21563
18542,26,rateus-no,2418.11,10804
18544,26,rateus-no,9565.44,29050
18545,26,rateus-no,615.33,7384
18546,26,rateus-no,4356.89,27779
18549,26,rateus-no,27961.11,44119
18550,26,rateus-no,599.22,9094
18551,26,rateus-no,16328.89,62065
18552,26,rateus-no,13970.33,74077
18553,26,rateus-no,1305.00,13337
18554,26,rateus-no,813.33,10173
18555,26,rateus-no,934.00,26521
18556,26,rateus-no,35339.44,43580
18557,26,rateus-no,19858.22,27149
18559,26,rateus-no,8273.78,23832
18561,26,rateus-no,1049.00,19595
18562,26,rateus-no,7676.56,29907
18563,26,rateus-no,983.67,11208
18564,26,rateus-no,5548.00,16544
18565,26,rateus-no,7519.00,48315
18567,26,rateus-no,12569.11,20433
18568,26,rateus-no,3351.33,52477
18569,26,rateus-no,1101.00,23465
18570,26,rateus-no,14904.44,33518
18571,26,rateus-no,6233.22,13417
18573,26,rateus-no,901.00,5793
18574,26,rateus-no,8993.00,15902
18575,26,rateus-no,13225.33,41064
18577,26,rateus-no,11434.33,70095
18578,26,rateus-no,6484.00,15758
18579,26,rateus-no,44930.33,39772
18580,26,rateus-no,1077.67,15345
18581,26,rateus-no,19241.67,115953
18583,26,rateus-no,8359.22,42885
18586,26,rateus-no,1058.67,22009
18587,26,rateus-no,7932.56,37374
18588,26,rateus-no,4282.33,32123
18591,26,rateus-no,12890.67,23281
18593,26,rateus-no,18229.11,42218
18594,26,rateus-no,8317.33,21041
18595,26,rateus-no,13610.11,27007
18596,26,rateus-no,737.78,16703
18597,26,rateus-no,711.67,14041
18600,26,rateus-no,15568.56,147804
18601,26,rateus-no,5047.56,12202
18602,26,rateus-no,1153.22,15906
18603,26,rateus-no,1478.33,10408
18604,26,rateus-no,25003.67,31830
18606,26,rateus-no,4583.78,25183
18607,26,rateus-no,566.22,9211
18608,26,rateus-no,653.44,7996
18609,26,rateus-no,1972.56,18332
18610,26,rateus-no,2666.00,36837
18611,26,rateus-no,9238.33,15822
18612,26,rateus-no,3012.00,24861
18613,26,rateus-no,23349.11,63373
18614,26,rateus-no,93632.89,264990
18615,26,rateus-no,6901.56,36448
18616,26,rateus-no,2212.89,11522
18618,26,rateus-no,3909.22,26581
18619,26,rateus-no,11310.33,15069
18620,26,rateus-no,969.11,7588
18621,26,rateus-no,3700.00,9317
18622,26,rateus-no,7384.67,28915
18623,26,rateus-no,7203.44,173654
18624,26,rateus-no,8791.44,21622
18626,26,rateus-no,1255.11,30709
18627,26,rateus-no,17959.44,50857
18628,26,rateus-no,19771.67,91834
18629,26,rateus-no,750.78,18090
18630,26,rateus-no,12331.00,20865
18631,26,rateus-no,11076.78,63477
18632,26,rateus-no,1145.00,12600
18634,26,rateus-no,5893.22,20056
18635,26,rateus-no,7770.00,24644
18637,26,rateus-no,21015.22,40782
18638,26,rateus-no,22868.00,184473
18639,26,rateus-no,15544.11,13817
18640,26,rateus-no,922.22,40796
18641,26,rateus-no,12793.00,22185
18643,26,rateus-no,7470.56,17667
18645,26,rateus-no,13765.00,63283
18646,26,rateus-no,19710.00,63802
18647,26,rateus-no,4360.33,9280
18648,26,rateus-no,5985.33,15424
18649,26,rateus-no,83278.00,23491
18650,26,rateus-no,17433.67,24066
18651,26,rateus-no,29235.11,68429
18652,26,rateus-no,5969.44,24274
18653,26,rateus-no,2201.78,15867
18654,26,rateus-no,4214.44,7337
18655,26,rateus-no,6900.67,23485
18656,26,rateus-no,13728.00,63129
18657,26,rateus-no,901.78,64320
18658,26,rateus-no,2940.56,10921
18659,26,rateus-no,37041.11,19210
18661,26,rateus-no,719.67,6553
18662,26,rateus-no,9531.44,24357
18663,26,rateus-no,8759.22,69176
18664,26,rateus-no,9682.56,44233
18665,26,rateus-no,904.44,9256
18668,26,rateus-no,8058.56,48644
18670,26,rateus-no,8090.89,29552
18671,26,rateus-no,13159.00,30010
18672,26,rateus-no,7763.56,27619
18673,26,rateus-no,2095.22,21692
18675,26,rateus-no,1117.00,5255
18676,26,rateus-no,14339.67,19328
18678,26,rateus-no,36691.89,70923
18679,26,rateus-no,782.78,12887
18680,26,rateus-no,15939.89,15755
18681,26,rateus-no,4316.33,14813
18682,26,rateus-no,60054.56,38552
18683,26,rateus-no,23652.44,26578
18684,26,rateus-no,561.11,33445
18685,26,rateus-no,13385.00,22904
18686,26,rateus-no,9373.89,45794
18687,26,rateus-no,11186.78,47392
18689,26,rateus-no,10703.67,26711
18690,26,rateus-no,8372.56,22935
18691,26,rateus-no,8957.89,24160
18693,26,rateus-no,9603.00,22047
18694,26,rateus-no,17130.11,25752
18695,26,rateus-no,12950.67,34124
18696,26,rateus-no,11130.89,21285
18697,26,rateus-no,2254.33,25838
18698,26,rateus-no,20133.78,39221
18699,26,rateus-no,13535.11,47739
18700,26,rateus-no,1909.00,18218
18701,26,rateus-no,43539.00,32783
18702,26,rateus-no,14134.33,67720
18703,26,rateus-no,1050.56,43359
18704,26,rateus-no,8497.56,49880
18705,26,rateus-no,10723.67,202624
18706,26,rateus-no,9089.78,15853
18707,26,rateus-no,1708.56,10943
18709,26,rateus-no,39470.22,27325
18710,26,rateus-no,1668.22,36394
18712,26,rateus-no,4892.11,24154
18713,26,rateus-no,10348.22,37949
18715,26,rateus-no,3660.00,19436
18716,26,rateus-no,8985.56,24227
18719,26,rateus-no,747.33,133924
18720,26,rateus-no,544.00,6976
18722,26,rateus-no,1364.22,24777
18723,26,rateus-no,955.56,23930
18724,26,rateus-no,9353.22,14348
18725,26,rateus-no,1477.22,23832
18726,26,rateus-no,4007.78,10266
18727,26,rateus-no,8182.56,19720
18728,26,rateus-no,6078.00,21504
18729,26,rateus-no,1838.11,33896
18730,26,rateus-no,25757.22,22630
18732,26,rateus-no,809.44,15382
18735,26,rateus-no,982.44,21560
18737,26,rateus-no,2502.33,31305
18738,26,rateus-no,13778.22,29181
18740,26,rateus-no,3218.89,20886
18741,26,rateus-no,13924.44,30817
18742,26,rateus-no,1055.67,11440
18743,26,rateus-no,27483.11,51341
18744,26,rateus-no,7820.67,27000
18745,26,rateus-no,10588.67,41090
18747,26,rateus-no,1189.00,10480
18748,26,rateus-no,3044.56,14233
18750,26,rateus-no,1957.56,6681
18751,26,rateus-no,10673.11,57099
18752,26,rateus-no,9360.33,18189
18753,26,rateus-no,5072.11,16952
18754,26,rateus-no,1036.78,16231
18755,26,rateus-no,2338.11,31804
18756,26,rateus-no,12736.22,126391
18757,26,rateus-no,3787.11,198916
18758,26,rateus-no,12324.22,22345
18759,26,rateus-no,13047.78,70410
18760,26,rateus-no,18844.78,23191
18761,26,rateus-no,9116.56,26702
18762,26,rateus-no,14949.89,30249
18763,26,rateus-no,7758.78,7665
18764,26,rateus-no,6258.22,27499
18765,26,rateus-no,1666.11,17490
18767,26,rateus-no,10877.56,23792
18772,26,rateus-no,8791.33,14878
18773,26,rateus-no,21989.56,27580
18774,26,rateus-no,1100.44,9424
18775,26,rateus-no,42282.33,78261
18778,26,rateus-no,1835.22,14589
18779,26,rateus-no,15939.00,25912
18780,26,rateus-no,7585.56,42792
18781,26,rateus-no,7599.44,20400
18782,26,rateus-no,4781.22,37971
18783,26,rateus-no,7086.44,12469
18784,26,rateus-no,5998.67,24957
18785,26,rateus-no,13938.78,10409
18786,26,rateus-no,677.11,6834
18788,26,rateus-no,658.22,14290
18789,26,rateus-no,735.89,16690
18790,26,rateus-no,1429.56,17088
18791,26,rateus-no,519.78,25697
18792,26,rateus-no,4513.22,13143
18793,26,rateus-no,4985.22,10905
18796,26,rateus-no,604.22,6849
18797,26,rateus-no,8560.56,15554
18798,26,rateus-no,1835.56,10681
18799,26,rateus-no,141821.78,22268
18800,26,rateus-no,13195.78,20266
18801,26,rateus-no,56837.33,14076
18802,26,rateus-no,9981.67,19507
18803,26,rateus-no,1371.78,13281
18805,26,rateus-no,895.00,17843
18806,26,rateus-no,883.56,27441
18807,26,rateus-no,9319.22,25947
18808,26,rateus-no,10090.11,17489
18810,26,rateus-no,14448.89,22325
18811,26,rateus-no,13294.44,26648
18812,26,rateus-no,1733.44,28010
18813,26,rateus-no,13898.56,33132
18814,26,rateus-no,750.67,5729
18816,26,rateus-no,2341.33,13066
18817,26,rateus-no,129858.22,15401
18818,26,rateus-no,709.33,9044
18819,26,rateus-no,1842.78,14713
18821,26,rateus-no,13370.78,10764
18822,26,rateus-no,6395.56,11426
18823,26,rateus-no,1073.67,9781
18824,26,rateus-no,12971.67,20988
18827,26,rateus-no,2141.67,8485
18828,26,rateus-no,10931.89,19138
18829,26,rateus-no,11997.11,32931
18830,26,rateus-no,7783.00,33743
18831,26,rateus-no,634.11,13662
18832,26,rateus-no,19716.44,34552
18833,26,rateus-no,8871.33,44859
18834,26,rateus-no,30305.22,21213
18836,26,rateus-no,5529.67,19622
18837,26,rateus-no,1159.89,11386
18838,26,rateus-no,17242.78,25890
18840,26,rateus-no,5213.11,23486
18841,26,rateus-no,6260.89,12732
18843,26,rateus-no,484.22,9153
18844,26,rateus-no,1072.22,27455
18845,26,rateus-no,12440.22,33362
18846,26,rateus-no,6574.22,54760
18847,26,rateus-no,16385.44,23393
18848,26,rateus-no,15536.22,15902
18849,26,rateus-no,6885.00,42639
18850,26,rateus-no,7463.11,25321
18851,26,rateus-no,404.89,16443
18852,26,rateus-no,7517.56,20959
18853,26,rateus-no,1489.56,8560
18854,26,rateus-no,8676.67,31193
18855,26,rateus-no,14594.56,48226
18856,26,rateus-no,14452.78,199007
18857,26,rateus-no,5665.33,21642
18858,26,rateus-no,7747.00,15377
18859,26,rateus-no,2182.22,44086
18860,26,rateus-no,21490.67,97153
18861,26,rateus-no,1085.11,12769
18862,26,rateus-no,1903.33,29732
18863,26,rateus-no,59036.22,25057
18866,26,rateus-no,609.11,8896
18868,26,rateus-no,3344.00,19222
18869,26,rateus-no,636.00,30720
18870,26,rateus-no,14233.11,25636
18871,26,rateus-no,88156.56,27640
18872,26,rateus-no,10853.44,35474
18873,26,rateus-no,2220.78,54149
18876,26,rateus-no,5966.33,15175
18878,26,rateus-no,524.67,9497
18879,26,rateus-no,6282.78,23453
18881,26,rateus-no,6681.56,37241
18882,26,rateus-no,11440.67,44258
18883,26,rateus-no,10712.67,23293
18884,26,rateus-no,5859.44,9951
18885,26,rateus-no,7388.78,24315
18886,26,rateus-no,24905.56,23894
18887,26,rateus-no,630.89,9672
18890,26,rateus-no,1382.22,7499
18891,26,rateus-no,1015.56,49021
18892,26,rateus-no,10779.33,25237
18894,26,rateus-no,741.11,6149
18895,26,rateus-no,650.56,24549
18897,26,rateus-no,12039.00,24149
18898,26,rateus-no,14487.11,41246
18899,26,rateus-no,12477.78,43705
18900,26,rateus-no,6477.33,25799
18902,26,rateus-no,13753.67,17065
18903,26,rateus-no,938.22,13025
18904,26,rateus-no,9345.44,45945
18905,26,rateus-no,7121.89,16884
18906,26,rateus-no,3305.78,13691
18907,26,rateus-no,3982.89,33930
18908,26,rateus-no,915.44,31940
18909,26,rateus-no,7088.67,9198
18910,26,rateus-no,9854.89,20877
18911,26,rateus-no,20885.22,92461
18912,26,rateus-no,4168.67,45758
18914,26,rateus-no,921.44,16182
18915,26,rateus-no,20776.89,42587
18916,26,rateus-no,14591.00,28472
18917,26,rateus-no,534.33,13726
18918,26,rateus-no,12145.56,15418
18919,26,rateus-no,7023.44,26111
18920,26,rateus-no,1719.67,22638
18921,26,rateus-no,15563.78,31408
18922,26,rateus-no,1055.33,14375
18923,26,rateus-no,12614.33,54484
18924,26,rateus-no,13415.89,92635
18925,26,rateus-no,10968.67,30509
18926,26,rateus-no,12069.89,14178
18929,26,rateus-no,6724.00,33540
18930,26,rateus-no,1358.67,7409
18931,26,rateus-no,6100.78,20301
18932,26,rateus-no,6011.00,12042
18933,26,rateus-no,2315.11,9540
18935,26,rateus-no,12552.22,25320
18936,26,rateus-no,9513.00,21288
18937,26,rateus-no,21664.56,28057
18938,26,rateus-no,2986.78,22247
18939,26,rateus-no,836.89,11265
18941,26,rateus-no,3481.78,17111
18942,26,rateus-no,8897.78,34688
18944,26,rateus-no,12074.78,16592
18945,26,rateus-no,9592.00,21581
18946,26,rateus-no,742.22,28317
18948,26,rateus-no,30143.89,57536
18949,26,rateus-no,20505.00,50954
18951,26,rateus-no,622.56,10414
18953,26,rateus-no,4503.44,43789
18956,26,rateus-no,12295.11,24811
18957,26,rateus-no,385.33,15895
18958,26,rateus-no,1765.00,9954
18961,26,rateus-no,2316.89,59659
18962,26,rateus-no,3237.56,16227
18963,26,rateus-no,12731.33,39005
18964,26,rateus-no,12552.44,29287
18965,26,rateus-no,689.11,8732
18966,26,rateus-no,3910.89,18050
18968,26,rateus-no,4459.56,64606
18970,26,rateus-no,14825.44,48977
18971,26,rateus-no,369.56,21949
18973,26,rateus-no,836.44,30140
18975,26,rateus-no,2106.78,18393
18976,26,rateus-no,9666.67,39638
18980,26,rateus-no,9383.89,16626
18981,26,rateus-no,14323.89,47279
18982,26,rateus-no,1329.11,31585
18983,26,rateus-no,14917.44,77262
18984,26,rateus-no,3398.33,61021
18985,26,rateus-no,1033.11,10350
18986,26,rateus-no,18612.78,21315
18987,26,rateus-no,603.67,21322
18989,26,rateus-no,12281.67,39481
18990,26,rateus-no,970.11,14102
18991,26,rateus-no,791.89,36873
18992,26,rateus-no,2423.89,22913
18993,26,rateus-no,2504.56,49168
18994,26,rateus-no,12870.67,25032
18995,26,rateus-no,13341.00,16121
18996,26,rateus-no,12066.78,65675
18997,26,rateus-no,8428.44,13593
18998,26,rateus-no,13880.22,28072
18999,26,rateus-no,3094.00,19531
19000,26,rateus-no,8956.00,11818
19001,26,rateus-no,1955.00,61792
19003,26,rateus-no,10410.22,19302
19004,26,rateus-no,7523.22,38793
19005,26,rateus-no,1411.22,19389
19007,26,rateus-no,2595.44,21369
19010,26,rateus-no,14597.33,26029
19011,26,rateus-no,3754.89,18772
19012,26,rateus-no,7997.33,18769
19013,26,rateus-no,684.11,30500
19014,26,rateus-no,12711.89,166311
19015,26,rateus-no,12368.56,26325
19016,26,rateus-no,4195.11,27162
19017,26,rateus-no,12060.22,32785
19018,26,rateus-no,13692.33,11489
19019,26,rateus-no,10159.67,36907
19022,26,rateus-no,11151.89,49466
19025,26,rateus-no,2849.11,23878
19027,26,rateus-no,12158.00,27637
19028,26,rateus-no,17496.00,129387
19029,26,rateus-no,7487.78,45474
19031,26,rateus-no,4440.33,17103
19033,26,rateus-no,5125.00,31948
19034,26,rateus-no,11577.56,35608
19036,26,rateus-no,1751.33,10185
19038,26,rateus-no,11697.33,22945
19040,26,rateus-no,11874.56,21651
19041,26,rateus-no,496.22,11512
19042,26,rateus-no,5027.44,19729
19043,26,rateus-no,20044.11,29752
19045,26,rateus-no,7661.11,21338
19046,26,rateus-no,10126.56,15123
19048,26,rateus-no,17934.67,38459
19049,26,rateus-no,626.11,14880
19050,26,rateus-no,973.11,37218
19051,26,rateus-no,3536.22,35878
19052,26,rateus-no,4121.56,20825
19053,26,rateus-no,1562.11,26370
19054,26,rateus-no,10410.67,35672
19055,26,rateus-no,872.11,73428
19057,26,rateus-no,14886.89,24017
19058,26,rateus-no,1854.00,32458
19059,26,rateus-no,1496.89,35706
19060,26,rateus-no,458.67,7626
19065,26,rateus-no,4772.56,20866
19066,26,rateus-no,12160.89,47995
19067,26,rateus-no,8963.11,11444
19068,26,rateus-no,623.67,11303
19069,26,rateus-no,15139.56,36522
19070,26,rateus-no,1942.78,37889
19072,26,rateus-no,503.00,22571
19074,26,rateus-no,2410.22,27686
19075,26,rateus-no,17523.56,35363
19076,26,rateus-no,729.00,47742
19077,26,rateus-no,839.33,5386
19078,26,rateus-no,643.67,12578
19079,26,rateus-no,11672.33,20445
19080,26,rateus-no,1518.44,12926
19081,26,rateus-no,12173.78,23157
19082,26,rateus-no,643.78,19574
19084,26,rateus-no,681.22,5596
19088,26,rateus-no,1204.89,22538
19090,26,rateus-no,578.00,8092
19093,26,rateus-no,11655.67,27428
19096,26,rateus-no,22408.11,47797
19097,26,rateus-no,2998.44,13727
19098,26,rateus-no,75943.67,28073
19099,26,rateus-no,749.56,19045
19100,26,rateus-no,1047.67,25707
19103,26,rateus-no,14440.11,30420
19104,26,rateus-no,1257.56,25749
19105,26,rateus-no,11724.33,19096
19106,26,rateus-no,1185.11,20584
19107,26,rateus-no,578.78,7161
19111,26,rateus-no,4650.89,37649
19113,26,rateus-no,610.22,18343
19114,26,rateus-no,12162.22,25105
19115,26,rateus-no,841.56,59880
19120,26,rateus-no,1030.44,20608
19121,26,rateus-no,11116.22,31396
19123,26,rateus-no,1625.11,55022
19124,26,rateus-no,1381.56,42802
19125,26,rateus-no,9109.56,26173
19126,26,rateus-no,10321.78,70788
19127,26,rateus-no,5558.33,40741
19128,26,rateus-no,2689.44,23103
19129,26,rateus-no,15959.00,30604
19130,26,rateus-no,982.67,39268
19131,26,rateus-no,3861.78,16084
19132,26,rateus-no,569.00,5876
19137,26,rateus-no,2829.78,46845
19138,26,rateus-no,38781.78,20281
19141,26,rateus-no,15193.56,19875
19145,26,rateus-no,2649.44,18836
19148,26,rateus-no,8357.33,17747
19149,26,rateus-no,758.00,14571
19150,26,rateus-no,30436.44,20620
19157,26,rateus-no,16571.11,55761
19159,26,rateus-no,692.33,16695
19163,26,rateus-no,408.33,44419
19165,26,rateus-no,10649.00,17666
19168,26,rateus-no,7721.89,41117
19169,26,rateus-no,2234.33,15660
19170,26,rateus-no,648.67,6434
19171,26,rateus-no,51236.89,81526
19173,26,rateus-no,774.33,32127
19174,26,rateus-no,3425.00,44480
19175,26,rateus-no,11623.22,23589
19176,26,rateus-no,1288.78,9067
19178,26,rateus-no,8868.78,32554
19183,26,rateus-no,1582.56,26651
19184,26,rateus-no,10056.89,23093
19187,26,rateus-no,7201.67,16149
19188,26,rateus-no,11603.56,29055
19189,26,rateus-no,28405.56,16402
19190,26,rateus-no,2425.22,21623
19191,26,rateus-no,16339.56,24388
19192,26,rateus-no,6837.22,39915
19193,26,rateus-no,11424.11,33578
19194,26,rateus-no,5947.22,59969
19195,26,rateus-no,11906.00,16757
19200,26,rateus-no,508.67,22345
19201,26,rateus-no,26785.00,64687
19202,26,rateus-no,951.11,16257
19208,26,rateus-no,14499.67,27997
19213,26,rateus-no,2185.44,28746
19220,26,rateus-no,10746.33,40382
19222,26,rateus-no,4963.89,19444
19224,26,rateus-no,8663.89,20748
19225,26,rateus-no,3810.67,22687
19227,26,rateus-no,11441.11,27574
19228,26,rateus-no,1992.44,24715
19229,26,rateus-no,5307.11,24254
19230,26,rateus-no,13695.11,21036
19232,26,rateus-no,13948.78,29809
19236,26,rateus-no,6762.56,36269
19237,26,rateus-no,13461.44,41034
19238,26,rateus-no,7723.67,132891
19239,26,rateus-no,22671.44,72878
19240,26,rateus-no,4922.44,42717
19241,26,rateus-no,12952.33,51265
19243,26,rateus-no,16348.78,50679
19246,26,rateus-no,2672.44,89600
19247,26,rateus-no,1383.89,30589
19249,26,rateus-no,916.11,20691
19250,26,rateus-no,3574.33,30290
19251,26,rateus-no,8619.00,74011
19252,26,rateus-no,19257.44,66982
19253,26,rateus-no,9788.33,35787
19254,26,rateus-no,11349.33,30678
19255,26,rateus-no,11233.33,26501
19256,26,rateus-no,1645.00,84680
19257,26,rateus-no,20688.00,43176
19258,26,rateus-no,18158.44,36624
19259,26,rateus-no,8942.89,29148
19260,26,rateus-no,10084.00,46916
19261,26,rateus-no,3953.44,26565
19263,26,rateus-no,18785.33,40539
19264,26,rateus-no,21058.44,39767
19267,26,rateus-no,11107.44,76169
19268,26,rateus-no,8758.44,85518
19269,26,rateus-no,21128.44,69242
19270,26,rateus-no,8191.89,49369
19271,26,rateus-no,11103.22,164715
19276,26,rateus-no,4499.33,26281
19278,26,rateus-no,15950.44,34852
19280,26,rateus-no,10784.00,24319
19282,26,rateus-no,13210.56,49189
19283,26,rateus-no,9423.11,35926
19284,26,rateus-no,14860.44,31523
19288,26,rateus-no,11633.00,69235
19290,26,rateus-no,3246.11,32765
19291,26,rateus-no,5118.11,28306
19293,26,rateus-no,11473.33,43943
19294,26,rateus-no,961.44,21945
19295,26,rateus-no,13137.89,59394
19296,26,rateus-no,22557.89,41049
19298,26,rateus-no,10196.56,75677
19299,26,rateus-no,12154.89,44853
19304,26,rateus-no,20234.56,63521
19309,26,rateus-no,8726.22,58370
19310,26,rateus-no,18211.11,41415
19311,26,rateus-no,1360.44,19402
19312,26,rateus-no,9693.89,37532
19314,26,rateus-no,8968.78,44343
19317,26,rateus-no,10928.56,39931
19318,26,rateus-no,12964.11,50433
19319,26,rateus-no,12276.78,49606
19320,26,rateus-no,697.22,114827
19322,26,rateus-no,13775.44,41392
19323,26,rateus-no,21305.44,109658
19324,26,rateus-no,8351.00,51999
19325,26,rateus-no,15149.67,58673
19326,26,rateus-no,12870.11,73050
19327,26,rateus-no,6038.89,26153
19330,26,rateus-no,17409.44,44645
19331,26,rateus-no,4462.11,39057
19332,26,rateus-no,80769.11,198450
19333,26,rateus-no,15803.56,28330
19334,26,rateus-no,71362.56,104828
19337,26,rateus-no,8408.44,27694
19338,26,rateus-no,10190.33,59076
19339,26,rateus-no,3513.56,78392
19340,26,rateus-no,11306.56,36200
19341,26,rateus-no,11554.44,33154
19342,26,rateus-no,5851.44,17203
19346,26,rateus-no,13005.22,69400
19347,26,rateus-no,1454.67,41358
19349,26,rateus-no,7884.11,25887
19350,26,rateus-no,11044.22,21896
19352,26,rateus-no,9448.44,30972
19353,26,rateus-no,7831.67,35830
19354,26,rateus-no,23713.67,27633
19355,26,rateus-no,11272.67,34413
19356,26,rateus-no,7765.67,39928
19358,26,rateus-no,11183.56,51761
19360,26,rateus-no,18557.56,72924
19361,26,rateus-no,15256.11,43195
19362,26,rateus-no,4186.33,22442
19363,26,rateus-no,15688.56,69646
19365,26,rateus-no,723.67,7385
19366,26,rateus-no,13699.11,38507
19367,26,rateus-no,2138.56,15593
19368,26,rateus-no,1375.00,9969
19370,26,rateus-no,1596.44,6113
19371,26,rateus-no,11202.89,39417
19372,26,rateus-no,5766.67,30028
19374,26,rateus-no,6040.78,43923
19377,26,rateus-no,778.67,14425
19378,26,rateus-no,3708.89,14072
19379,26,rateus-no,8643.00,34077
19381,26,rateus-no,11835.22,45767
19383,26,rateus-no,1058.78,6912
19384,26,rateus-no,10598.78,20420
19385,26,rateus-no,1512.78,36406
19387,26,rateus-no,506.44,12597
19388,26,rateus-no,1061.11,60278
19392,26,rateus-no,8109.89,19418
19393,26,rateus-no,11365.00,38728
19394,26,rateus-no,3658.78,31252
19395,26,rateus-no,13870.78,43841
19396,26,rateus-no,11930.89,38564
19397,26,rateus-no,12943.33,41031
19399,26,rateus-no,898.44,23726
19400,26,rateus-no,17061.67,52278
19401,26,rateus-no,8996.44,71517
19402,26,rateus-no,2450.56,19573
19404,26,rateus-no,24106.11,43781
19405,26,rateus-no,10800.56,31383
19406,26,rateus-no,5413.67,16422
19407,26,rateus-no,8719.33,23416
19410,26,rateus-no,26685.00,97386
19413,26,rateus-no,19655.33,167941
19414,26,rateus-no,11842.33,34539
19417,26,rateus-no,16186.56,61004
19418,26,rateus-no,13848.00,33450
19419,26,rateus-no,2682.78,20115
19420,26,rateus-no,7351.89,72432
19423,26,rateus-no,10282.67,41009
19424,26,rateus-no,8895.22,47595
19428,26,rateus-no,4247.11,27553
19429,26,rateus-no,11265.78,26465
19430,26,rateus-no,971.11,54616
19432,26,rateus-no,13972.78,38178
19433,26,rateus-no,14633.89,32585
19436,26,rateus-no,8206.44,21151
19439,26,rateus-no,6956.78,31344
19443,26,rateus-no,20314.89,79463
19444,26,rateus-no,17248.33,94365
19445,26,rateus-no,8443.67,46802
19446,26,rateus-no,9092.56,24017
19448,26,rateus-no,17074.00,28776
19449,26,rateus-no,13126.56,33104
19450,26,rateus-no,5503.56,28298
19451,26,rateus-no,13212.56,41571
19452,26,rateus-no,3314.00,37007
19453,26,rateus-no,3364.00,28933
19454,26,rateus-no,9791.11,32307
19455,26,rateus-no,12382.11,78721
19456,26,rateus-no,30864.67,59001
19457,26,rateus-no,8040.67,28490
19458,26,rateus-no,14195.67,42185
19460,26,rateus-no,25645.33,26460
19461,26,rateus-no,9242.67,38060
19463,26,rateus-no,15038.56,40139
19464,26,rateus-no,4157.22,30484
19466,26,rateus-no,881.44,72006
19467,26,rateus-no,12422.44,36964
19469,26,rateus-no,13276.33,35679
19470,26,rateus-no,8794.56,35567
19472,26,rateus-no,16272.89,38139
19473,26,rateus-no,1840.00,17037
19474,26,rateus-no,6764.67,35816
19477,26,rateus-no,682.00,12114
19478,26,rateus-no,14133.67,23280
19479,26,rateus-no,15941.44,54097
19484,26,rateus-no,59932.78,55742
19485,26,rateus-no,4574.56,36340
19489,26,rateus-no,8680.89,108956
19491,26,rateus-no,12899.56,44100
19492,26,rateus-no,844.33,40718
19494,26,rateus-no,861.22,87224
19495,26,rateus-no,2170.11,43837
19501,26,rateus-no,9532.56,26027
19503,26,rateus-no,1196.78,81640
19504,26,rateus-no,1526.78,80192
19505,26,rateus-no,16053.44,117640
19508,26,rateus-no,15166.56,69664
19509,26,rateus-no,4796.00,43239
19512,26,rateus-no,1669.11,36806
19513,26,rateus-no,10609.33,37970
19514,26,rateus-no,11580.11,30712
19515,26,rateus-no,19293.89,35715
19516,26,rateus-no,24543.56,68337
19517,26,rateus-no,10805.67,55091
19518,26,rateus-no,11054.56,72367
19520,26,rateus-no,7952.56,42320
19522,26,rateus-no,6591.22,23570
19524,26,rateus-no,18559.78,41918
19527,26,rateus-no,10642.67,51427
19528,26,rateus-no,43701.78,82183
19530,26,rateus-no,15351.89,36500
19532,26,rateus-no,14633.22,38153
19533,26,rateus-no,11876.67,62016
19534,26,rateus-no,10064.33,34553
19535,26,rateus-no,9112.11,65180
19537,26,rateus-no,11216.00,27929
19538,26,rateus-no,11860.22,72836
19539,26,rateus-no,15743.56,44553
19540,26,rateus-no,9932.22,23417
19541,26,rateus-no,5690.44,22176
19542,26,rateus-no,10860.89,20873
19543,26,rateus-no,1015.00,53119
19546,26,rateus-no,10288.22,33133
19547,26,rateus-no,18628.11,54663
19549,26,rateus-no,11928.56,27764
19550,26,rateus-no,11479.44,36406
19551,26,rateus-no,6971.89,68038
19553,26,rateus-no,13698.11,54942
19554,26,rateus-no,16426.78,102830
19555,26,rateus-no,17334.00,55853
19560,26,rateus-no,13552.11,47743
19561,26,rateus-no,4595.56,23984
19563,26,rateus-no,7234.44,57796
19564,26,rateus-no,8713.44,22639
19565,26,rateus-no,10204.00,51079
19566,26,rateus-no,13221.33,52247
19567,26,rateus-no,16540.56,29649
19568,26,rateus-no,11735.44,32953
19570,26,rateus-no,10998.00,43653
19571,26,rateus-no,10604.89,69144
19573,26,rateus-no,18123.11,94428
19574,26,rateus-no,12859.33,55749
19575,26,rateus-no,3550.33,28945
19576,26,rateus-no,21808.11,45934
19579,26,rateus-no,6120.89,60282
19580,26,rateus-no,17083.22,102330
19581,26,rateus-no,10884.11,35560
19582,26,rateus-no,7807.33,29908
19583,26,rateus-no,20316.00,243963
19584,26,rateus-no,31013.33,194393
19594,26,rateus-no,9983.22,43754
19595,26,rateus-no,1468.44,53694
19597,26,rateus-no,18279.78,59169
19600,26,rateus-no,13317.22,87817
19603,26,rateus-no,9482.67,45328
19604,26,rateus-no,20891.33,120607
19606,26,rateus-no,5206.00,53376
19608,26,rateus-no,5845.11,39130
19609,26,rateus-no,13536.56,40961
19610,26,rateus-no,13963.89,43925
19611,26,rateus-no,17307.11,62948
19613,26,rateus-no,8064.89,27681
19614,26,rateus-no,6446.22,57257
19616,26,rateus-no,2200.44,36205
19617,26,rateus-no,12574.78,27984
19618,26,rateus-no,2482.89,43397
19619,26,rateus-no,10615.11,29586
19620,26,rateus-no,3723.11,49193
19621,26,rateus-no,8749.11,44710
19624,26,rateus-no,7849.89,36903
19625,26,rateus-no,11747.78,23815
19626,26,rateus-no,985.33,48078
19627,26,rateus-no,10155.22,126488
19628,26,rateus-no,8197.44,38741
19629,26,rateus-no,8388.56,28220
19633,26,rateus-no,17863.44,91295
19634,26,rateus-no,7926.44,25892
19635,26,rateus-no,8227.11,21809
19636,26,rateus-no,8502.22,59770
19637,26,rateus-no,20550.67,47683
19638,26,rateus-no,9513.33,21808
19639,26,rateus-no,6686.89,25448
19640,26,rateus-no,9025.78,32704
19642,26,rateus-no,18113.33,33567
19643,26,rateus-no,18538.22,59774
19644,26,rateus-no,20536.11,33165
19645,26,rateus-no,35626.00,85458
19648,26,rateus-no,9285.44,60176
19649,26,rateus-no,2397.33,15204
19650,26,rateus-no,17422.44,26196
19654,26,rateus-no,4026.89,94540
19655,26,rateus-no,28722.22,54015
19656,26,rateus-no,18070.00,52911
19657,26,rateus-no,18917.67,54179
19658,26,rateus-no,19462.00,45809
19661,26,rateus-no,9534.56,38249
19668,26,rateus-no,14950.56,24925
19670,26,rateus-no,23784.89,40221
19671,26,rateus-no,13234.11,29265
19673,26,rateus-no,13876.00,58223
19675,26,rateus-no,5985.00,134845
19676,26,rateus-no,21384.44,36818
19677,26,rateus-no,4828.78,49296
19680,26,rateus-no,16525.44,36804
19681,26,rateus-no,9454.22,30357
19682,26,rateus-no,9024.56,40670
19684,26,rateus-no,12822.44,34787
19685,26,rateus-no,12158.78,56879
19686,26,rateus-no,8556.44,24673
19691,26,rateus-no,12813.00,35370
19692,26,rateus-no,23291.00,61130
19694,26,rateus-no,14852.56,44182
19695,26,rateus-no,20387.22,47294
19696,26,rateus-no,11031.67,49528
19697,26,rateus-no,10638.44,70695
19698,26,rateus-no,10212.78,39181
19699,26,rateus-no,18458.11,42111
19700,26,rateus-no,5928.89,68171
19701,26,rateus-no,15793.11,132987
19702,26,rateus-no,13809.89,172576
19704,26,rateus-no,36598.11,28251
19705,26,rateus-no,10817.00,40845
19706,26,rateus-no,6673.22,21905
19707,26,rateus-no,11346.00,66566
19708,26,rateus-no,1207.22,14283
